Workbook

Sheet TL 5.4 VER
A1: Product Code | C1: DR13021 | L1: Kitting Quantity | N1: ='Detail-Planner'!E5 -> 0
A3: Bill Of Materials - 80V 220mA (18~22W Compatible)TUBE LIGHT 5.4 VER
A5: Item | B5: Raw Material Code | C5: Quantity | D5: Reference | E5: Part | F5: Package | G5: Tolerence | H5: Make | I5: Vendor | J5: Unit Cost | K5: Total | L5: STOCK | M5: Interim Value | N5: Kitting Quantity | O5: PRICE | P5: SUPPLIER NAME | Q5: PAYMENT TERMS
A6: 1 | B6: DE05001 | C6: 1 | D6: BD1 | E6: B10S-G(1000V 1A) | F6: TO-269AA | H6: GOODARC,MIC,HY | I6: HICOTRONICS,MIC,SAINI | J6: 2.6 | K6: =Table13[[#This Row],[Quantity]]*Table13[[#This Row],[Unit Cost]] -> 2.6 | L6: 5980 | M6: =Table13[[#This Row],[Quantity]]*AA6-Table13[[#This Row],[STOCK]] -> -5980 | N6: =IF(Table13[[#This Row],[Interim Value]]<0,0,Table13[[#This Row],[Interim Value]]) -> 0 | O6: =Table13[[#This Row],[Kitting Quantity]]*Table13[[#This Row],[Unit Cost]] -> 0 | P6: HICOTRONICS | Q6: 60DAYS CREDIT | AA6: =N1 -> 0
A7: 2 | B7: CP04007 | C7: 1 | D7: C1 | E7: 103/1KVA | F7: CAP_DISC_200 | G7: 10% | H7: HEL / JACKCON/GUJARAT POLY AVX | I7: SAINI,HICOTRONICS,GUJARAT POLY AVX | J7: 0.6 | K7: =Table13[[#This Row],[Quantity]]*Table13[[#This Row],[Unit Cost]] -> 0.6 | L7: 30000 | M7: =Table13[[#This Row],[Quantity]]*AA7-Table13[[#This Row],[STOCK]] -> -30000 | N7: =IF(Table13[[#This Row],[Interim Value]]<0,0,Table13[[#This Row],[Interim Value]]) -> 0 | O7: =Table13[[#This Row],[Kitting Quantity]]*Table13[[#This Row],[Unit Cost]] -> 0 | P7: SUN MICRO COMPONENTS | Q7: 60DAYS CREDIT | AA7: =N1 -> 0
A8: 3 | B8: RS01047 | C8: 1 | D8: C3 | E8: 100P/50V | F8: C0805 | G8: 5% | H8: YAGEO,AVX,KEMET | I8: SAINI,HICOTRONICS,GUJARAT POLY AVX | J8: 0.2 | K8: =Table13[[#This Row],[Quantity]]*Table13[[#This Row],[Unit Cost]] -> 0.2 | L8: 16000 | M8: =Table13[[#This Row],[Quantity]]*AA8-Table13[[#This Row],[STOCK]] -> -16000 | N8: =IF(Table13[[#This Row],[Interim Value]]<0,0,Table13[[#This Row],[Interim Value]]) -> 0 | O8: =Table13[[#This Row],[Kitting Quantity]]*Table13[[#This Row],[Unit Cost]] -> 0 | P8: HICOTRONICS | Q8: 60DAYS CREDIT | AA8: =N1 -> 0
A9: 4 | B9: RS01006 | C9: 1 | D9: C4 | E9: 1uF/50V | F9: C0805 | G9: 5% | H9: YAGEO,AVX,KEMET | I9: SAINI,HICOTRONICS,GUJARAT POLY AVX | J9: 0.35 | K9: =Table13[[#This Row],[Quantity]]*Table13[[#This Row],[Unit Cost]] -> 0.35 | L9: 18000 | M9: =Table13[[#This Row],[Quantity]]*AA9-Table13[[#This Row],[STOCK]] -> -18000 | N9: =IF(Table13[[#This Row],[Interim Value]]<0,0,Table13[[#This Row],[Interim Value]]) -> 0 | O9: =Table13[[#This Row],[Kitting Quantity]]*Table13[[#This Row],[Unit Cost]] -> 0 | P9: HICOTRONICS | Q9: 60DAYS CREDIT | AA9: =N1 -> 0
A10: 5 | B10: RS01091 | C10: 1 | D10: C5 | E10: 100nF/50V | F10: C0805 | G10: 5% | H10: YAGEO,AVX,KEMET | I10: SAINI,HICOTRONICS,GUJARAT POLY AVX | J10: 0.2 | K10: =Table13[[#This Row],[Quantity]]*Table13[[#This Row],[Unit Cost]] -> 0.2 | L10: 16000 | M10: =Table13[[#This Row],[Quantity]]*AA10-Table13[[#This Row],[STOCK]] -> -16000 | N10: =IF(Table13[[#This Row],[Interim Value]]<0,0,Table13[[#This Row],[Interim Value]]) -> 0 | O10: =Table13[[#This Row],[Kitting Quantity]]*Table13[[#This Row],[Unit Cost]] -> 0 | P10: HICOTRONICS | Q10: 60DAYS CREDIT | AA10: =N1 -> 0
A11: 6 | B11: CP04007 | C11: 1 | D11: C6 | E11: 103, 1KVA | F11: CAP_DISC_200 | G11: 10% | H11: HEL / JACKCON/GUJARAT POLY AVX | I11: SAINI,HICOTRONICS,GUJARAT POLY AVX | J11: 0.6 | K11: =Table13[[#This Row],[Quantity]]*Table13[[#This Row],[Unit Cost]] -> 0.6 | L11: 0 | M11: =Table13[[#This Row],[Quantity]]*AA11-Table13[[#This Row],[STOCK]] -> 0 | N11: =IF(Table13[[#This Row],[Interim Value]]<0,0,Table13[[#This Row],[Interim Value]]) -> 0 | O11: =Table13[[#This Row],[Kitting Quantity]]*Table13[[#This Row],[Unit Cost]] -> 0 | P11: SUN MICRO COMPONENTS | Q11: 60DAYS CREDIT | AA11: =N1 -> 0
A12: 7 | B12: CP04007 | C12: 1 | D12: C7 | E12: 103/1KVA | F12: CAP_DISC_200 | G12: 10% | H12: HEL / JACKCON/GUJARAT POLY AVX | I12: SAINI,HICOTRONICS,GUJARAT POLY AVX | J12: 0.6 | K12: =Table13[[#This Row],[Quantity]]*Table13[[#This Row],[Unit Cost]] -> 0.6 | L12: 0 | M12: =Table13[[#This Row],[Quantity]]*AA12-Table13[[#This Row],[STOCK]] -> 0 | N12: =IF(Table13[[#This Row],[Interim Value]]<0,0,Table13[[#This Row],[Interim Value]]) -> 0 | O12: =Table13[[#This Row],[Kitting Quantity]]*Table13[[#This Row],[Unit Cost]] -> 0 | P12: SUN MICRO COMPONENTS | Q12: 60DAYS CREDIT | AA12: =N1 -> 0
A13: 8 | B13: CP04004 | C13: 1 | D13: C8 | E13: P2G102K(275VAC) | F13: PEIR MYLAR CAP | G13: 10% | H13: PIA | I13: SREE ELECTRONICS,TEXTONIC | J13: 0.8 | K13: =Table13[[#This Row],[Quantity]]*Table13[[#This Row],[Unit Cost]] -> 0.8 | L13: 700 | M13: =Table13[[#This Row],[Quantity]]*AA13-Table13[[#This Row],[STOCK]] -> -700 | N13: =IF(Table13[[#This Row],[Interim Value]]<0,0,Table13[[#This Row],[Interim Value]]) -> 0 | O13: =Table13[[#This Row],[Kitting Quantity]]*Table13[[#This Row],[Unit Cost]] -> 0 | P13: SHREE ELECTRONICS | Q13: 60DAYS PDC | AA13: =N1 -> 0
A14: 9 | B14: CP04022 | C14: 2 | D14: CP1,CP2 | E14: 22uF/250V(105) | F14: (10mm*17mm) | G14: 10% | H14: JACKCON,SAMHWA | I14: SAINI ,TEXONICS | J14: 3.6 | K14: =Table13[[#This Row],[Quantity]]*Table13[[#This Row],[Unit Cost]] -> 7.2 | L14: 300 | M14: =Table13[[#This Row],[Quantity]]*AA14-Table13[[#This Row],[STOCK]] -> -300 | N14: =IF(Table13[[#This Row],[Interim Value]]<0,0,Table13[[#This Row],[Interim Value]]) -> 0 | O14: =Table13[[#This Row],[Kitting Quantity]]*Table13[[#This Row],[Unit Cost]] -> 0 | P14: SUN MICRO COMPONENTS | Q14: 60DAYS CREDIT | AA14: =N1 -> 0
A15: 10 | B15: DE05013 | C15: 1 | D15: D1 | E15: MUR460 | F15: DO-201AD | H15: GOODARC,MIC,HY | I15: SAINI,HICOTRONICS,GUJARAT POLY AVX | J15: 3.5 | K15: =Table13[[#This Row],[Quantity]]*Table13[[#This Row],[Unit Cost]] -> 3.5 | L15: 8400 | M15: =Table13[[#This Row],[Quantity]]*AA15-Table13[[#This Row],[STOCK]] -> -8400 | N15: =IF(Table13[[#This Row],[Interim Value]]<0,0,Table13[[#This Row],[Interim Value]]) -> 0 | O15: =Table13[[#This Row],[Kitting Quantity]]*Table13[[#This Row],[Unit Cost]] -> 0 | P15: HICOTRONICS | Q15: 60DAYS CREDIT | AA15: =N1 -> 0
A16: 11 | B16: DE05006 | C16: 3 | D16: D2,D3,D4 | E16: SS4007(1000V 1A) | F16: SMA | H16: GOODARC,MIC,HY | I16: SAINI,HICOTRONICS,GUJARAT POLY AVX | J16: 0.45 | K16: =Table13[[#This Row],[Quantity]]*Table13[[#This Row],[Unit Cost]] -> 1.35 | L16: 0 | M16: =Table13[[#This Row],[Quantity]]*AA16-Table13[[#This Row],[STOCK]] -> 0 | N16: =IF(Table13[[#This Row],[Interim Value]]<0,0,Table13[[#This Row],[Interim Value]]) -> 0 | O16: =Table13[[#This Row],[Kitting Quantity]]*Table13[[#This Row],[Unit Cost]] -> 0 | P16: HICOTRONICS | Q16: 60DAYS CREDIT | AA16: =N1 -> 0
A17: 12 | B17: DE05015 | C17: 1 | D17: F1 | E17: 1A, 250V(SLOW BLOW) | F17: (3.6mm*10mm) | H17: UCHI/PROTECTRON | I17: SAINI,PUNITH ELECTRONICS | J17: 2.5 | K17: =Table13[[#This Row],[Quantity]]*Table13[[#This Row],[Unit Cost]] -> 2.5 | L17: 2500 | M17: =Table13[[#This Row],[Quantity]]*AA17-Table13[[#This Row],[STOCK]] -> -2500 | N17: =IF(Table13[[#This Row],[Interim Value]]<0,0,Table13[[#This Row],[Interim Value]]) -> 0 | O17: =Table13[[#This Row],[Kitting Quantity]]*Table13[[#This Row],[Unit Cost]] -> 0 | P17: SUN MICRO COMPONENTS | Q17: 60DAYS CREDIT | AA17: =N1 -> 0
A18: 13 | B18: IN08003 | C18: 1 | D18: L4 | E18: 3mH (700mA)MTX3MH | F18: EE16 VERTICAL | G18: 5% | H18: METRONIX | I18: METRONIX | J18: 7.5 | K18: =Table13[[#This Row],[Quantity]]*Table13[[#This Row],[Unit Cost]] -> 7.5 | L18: 0 | M18: =Table13[[#This Row],[Quantity]]*AA18-Table13[[#This Row],[STOCK]] -> 0 | N18: =IF(Table13[[#This Row],[Interim Value]]<0,0,Table13[[#This Row],[Interim Value]]) -> 0 | O18: =Table13[[#This Row],[Kitting Quantity]]*Table13[[#This Row],[Unit Cost]] -> 0 | P18: METRONIX | Q18: 90 DAYS CREDIT | AA18: =N1 -> 0
A19: 14 | B19: MOV11005 | C19: 1 | D19: MOV1 | E19: 10D471K | F19: 10mm | H19: EPCOS/UCHI/HEL | I19: HICOTRONICS,SAINI | J19: 3 | K19: =Table13[[#This Row],[Quantity]]*Table13[[#This Row],[Unit Cost]] -> 3 | L19: 4400 | M19: =Table13[[#This Row],[Quantity]]*AA19-Table13[[#This Row],[STOCK]] -> -4400 | N19: =IF(Table13[[#This Row],[Interim Value]]<0,0,Table13[[#This Row],[Interim Value]]) -> 0 | O19: =Table13[[#This Row],[Kitting Quantity]]*Table13[[#This Row],[Unit Cost]] -> 0 | P19: SUN MICRO COMPONENTS | Q19: 60DAYS CREDIT | AA19: =N1 -> 0
A20: 15 | B20: DE05014 | C20: 1 | D20: POT1 | E20: 10K | F20: TRIMMER | G20: 5% | I20: SREE ELECTRONICS,TEXTONIC | J20: 1.6 | K20: =Table13[[#This Row],[Quantity]]*Table13[[#This Row],[Unit Cost]] -> 1.6 | L20: 200 | M20: =Table13[[#This Row],[Quantity]]*AA20-Table13[[#This Row],[STOCK]] -> -200 | N20: =IF(Table13[[#This Row],[Interim Value]]<0,0,Table13[[#This Row],[Interim Value]]) -> 0 | O20: =Table13[[#This Row],[Kitting Quantity]]*Table13[[#This Row],[Unit Cost]] -> 0 | P20: SHREE ELECTRONICS | Q20: 60DAYS PDC | AA20: =N1 -> 0
A21: 16 | B21: MF02004 | C21: 1 | D21: Q1 | E21: H4N60 | F21: TO-220 METAL | H21: FAIRCHILD ,HY ,SEM | I21: SAINI,SEM | J21: 11.9 | K21: =Table13[[#This Row],[Quantity]]*Table13[[#This Row],[Unit Cost]] -> 11.9 | L21: 2213 | M21: =Table13[[#This Row],[Quantity]]*AA21-Table13[[#This Row],[STOCK]] -> -2213 | N21: =IF(Table13[[#This Row],[Interim Value]]<0,0,Table13[[#This Row],[Interim Value]]) -> 0 | O21: =Table13[[#This Row],[Kitting Quantity]]*Table13[[#This Row],[Unit Cost]] -> 0 | P21: SUN MICRO COMPONENTS | Q21: 60DAYS CREDIT | AA21: =N1 -> 0
A22: 17 | B22: RS01009 | C22: 1 | D22: R1 | E22: 0R | F22: R0805 | G22: 1% | H22: YAGEO,ROYALOHM ,UNIOHAM | I22: HICOTRONICS,GUJARAT POLY AVX,ELECTRONICA | J22: 0.05 | K22: =Table13[[#This Row],[Quantity]]*Table13[[#This Row],[Unit Cost]] -> 0.05 | L22: 15000 | M22: =Table13[[#This Row],[Quantity]]*AA22-Table13[[#This Row],[STOCK]] -> -15000 | N22: =IF(Table13[[#This Row],[Interim Value]]<0,0,Table13[[#This Row],[Interim Value]]) -> 0 | O22: =Table13[[#This Row],[Kitting Quantity]]*Table13[[#This Row],[Unit Cost]] -> 0 | P22: HICOTRONICS | Q22: 60DAYS CREDIT | AA22: =N1 -> 0
A23: 18 | B23: RS01010 | C23: 1 | D23: R2 | E23: 0.68E | F23: R1206 | G23: 1% | H23: YAGEO,ROYALOHM ,UNIOHAM | I23: HICOTRONICS,GUJARAT POLY AVX,ELECTRONICA | J23: 0.5 | K23: =Table13[[#This Row],[Quantity]]*Table13[[#This Row],[Unit Cost]] -> 0.5 | L23: 10000 | M23: =Table13[[#This Row],[Quantity]]*AA23-Table13[[#This Row],[STOCK]] -> -10000 | N23: =IF(Table13[[#This Row],[Interim Value]]<0,0,Table13[[#This Row],[Interim Value]]) -> 0 | O23: =Table13[[#This Row],[Kitting Quantity]]*Table13[[#This Row],[Unit Cost]] -> 0 | P23: HICOTRONICS | Q23: 60DAYS CREDIT | AA23: =N1 -> 0
A24: 19 | B24: RS01096 | C24: 1 | D24: R3 | E24: 0.68E | F24: R1206 | G24: 1% | H24: YAGEO,ROYALOHM ,UNIOHAM | I24: HICOTRONICS,GUJARAT POLY AVX,ELECTRONICA | J24: 0.5 | K24: =Table13[[#This Row],[Quantity]]*Table13[[#This Row],[Unit Cost]] -> 0.5 | L24: 0 | M24: =Table13[[#This Row],[Quantity]]*AA24-Table13[[#This Row],[STOCK]] -> 0 | N24: =IF(Table13[[#This Row],[Interim Value]]<0,0,Table13[[#This Row],[Interim Value]]) -> 0 | O24: =Table13[[#This Row],[Kitting Quantity]]*Table13[[#This Row],[Unit Cost]] -> 0 | P24: HICOTRONICS | Q24: 60DAYS CREDIT | AA24: =N1 -> 0
A25: 20 | B25: RS01092 | C25: 1 | D25: R4 | E25: 49.9K | F25: R0603 | G25: 5% | H25: YAGEO,ROYALOHM ,UNIOHAM | I25: HICOTRONICS,GUJARAT POLY AVX,ELECTRONICA | J25: 0.05 | K25: =Table13[[#This Row],[Quantity]]*Table13[[#This Row],[Unit Cost]] -> 0.05 | L25: 15000 | M25: =Table13[[#This Row],[Quantity]]*AA25-Table13[[#This Row],[STOCK]] -> -15000 | N25: =IF(Table13[[#This Row],[Interim Value]]<0,0,Table13[[#This Row],[Interim Value]]) -> 0 | O25: =Table13[[#This Row],[Kitting Quantity]]*Table13[[#This Row],[Unit Cost]] -> 0 | P25: HICOTRONICS | Q25: 60DAYS CREDIT | AA25: =N1 -> 0
A26: 21 | C26: 1 | D26: R5 | E26: NC | F26: R0603 | J26: 0 | K26: =Table13[[#This Row],[Quantity]]*Table13[[#This Row],[Unit Cost]] -> 0 | L26: 0 | M26: =Table13[[#This Row],[Quantity]]*AA26-Table13[[#This Row],[STOCK]] -> 0 | N26: =IF(Table13[[#This Row],[Interim Value]]<0,0,Table13[[#This Row],[Interim Value]]) -> 0 | O26: =Table13[[#This Row],[Kitting Quantity]]*Table13[[#This Row],[Unit Cost]] -> 0 | P26: HICOTRONICS | Q26: 60DAYS CREDIT | AA26: =N1 -> 0
A27: 22 | B27: RS01007 | C27: 1 | D27: R6 | E27: 100K | F27: R0603 | G27: 1% | H27: YAGEO,ROYALOHM ,UNIOHAM | I27: HICOTRONICS,GUJARAT POLY AVX,ELECTRONICA | J27: 0.05 | K27: =Table13[[#This Row],[Quantity]]*Table13[[#This Row],[Unit Cost]] -> 0.05 | L27: 10000 | M27: =Table13[[#This Row],[Quantity]]*AA27-Table13[[#This Row],[STOCK]] -> -10000 | N27: =IF(Table13[[#This Row],[Interim Value]]<0,0,Table13[[#This Row],[Interim Value]]) -> 0 | O27: =Table13[[#This Row],[Kitting Quantity]]*Table13[[#This Row],[Unit Cost]] -> 0 | P27: HICOTRONICS | Q27: 60DAYS CREDIT | AA27: =N1 -> 0
A28: 23 | B28: RS01093 | C28: 1 | D28: R7 | E28: 680K | F28: R0603 | G28: 1% | H28: YAGEO,ROYALOHM ,UNIOHAM | I28: HICOTRONICS,GUJARAT POLY AVX,ELECTRONICA | J28: 0.05 | K28: =Table13[[#This Row],[Quantity]]*Table13[[#This Row],[Unit Cost]] -> 0.05 | L28: 10000 | M28: =Table13[[#This Row],[Quantity]]*AA28-Table13[[#This Row],[STOCK]] -> -10000 | N28: =IF(Table13[[#This Row],[Interim Value]]<0,0,Table13[[#This Row],[Interim Value]]) -> 0 | O28: =Table13[[#This Row],[Kitting Quantity]]*Table13[[#This Row],[Unit Cost]] -> 0 | P28: HICOTRONICS | Q28: 60DAYS CREDIT | AA28: =N1 -> 0
A29: 24 | B29: RS01005 | C29: 1 | D29: R8 | E29: 10E | F29: R0603 | G29: 1% | H29: YAGEO,ROYALOHM ,UNIOHAM | I29: HICOTRONICS,GUJARAT POLY AVX,ELECTRONICA | J29: 0.05 | K29: =Table13[[#This Row],[Quantity]]*Table13[[#This Row],[Unit Cost]] -> 0.05 | L29: 10000 | M29: =Table13[[#This Row],[Quantity]]*AA29-Table13[[#This Row],[STOCK]] -> -10000 | N29: =IF(Table13[[#This Row],[Interim Value]]<0,0,Table13[[#This Row],[Interim Value]]) -> 0 | O29: =Table13[[#This Row],[Kitting Quantity]]*Table13[[#This Row],[Unit Cost]] -> 0 | P29: HICOTRONICS | Q29: 60DAYS CREDIT | AA29: =N1 -> 0
A30: 25 | B30: RS01094 | C30: 1 | D30: R10 | E30: 174KE | F30: R0603 | G30: 5% | H30: YAGEO,ROYALOHM ,UNIOHAM | I30: HICOTRONICS,GUJARAT POLY AVX,ELECTRONICA | J30: 0.05 | K30: =Table13[[#This Row],[Quantity]]*Table13[[#This Row],[Unit Cost]] -> 0.05 | L30: 10000 | M30: =Table13[[#This Row],[Quantity]]*AA30-Table13[[#This Row],[STOCK]] -> -10000 | N30: =IF(Table13[[#This Row],[Interim Value]]<0,0,Table13[[#This Row],[Interim Value]]) -> 0 | O30: =Table13[[#This Row],[Kitting Quantity]]*Table13[[#This Row],[Unit Cost]] -> 0 | P30: HICOTRONICS | Q30: 60DAYS CREDIT | AA30: =N1 -> 0
A31: 26 | B31: RS01095 | C31: 1 | D31: R11 | E31: 1K | F31: R0603 | G31: 5% | H31: YAGEO,ROYALOHM ,UNIOHAM | I31: HICOTRONICS,GUJARAT POLY AVX,ELECTRONICA | J31: 0.05 | K31: =Table13[[#This Row],[Quantity]]*Table13[[#This Row],[Unit Cost]] -> 0.05 | L31: 10000 | M31: =Table13[[#This Row],[Quantity]]*AA31-Table13[[#This Row],[STOCK]] -> -10000 | N31: =IF(Table13[[#This Row],[Interim Value]]<0,0,Table13[[#This Row],[Interim Value]]) -> 0 | O31: =Table13[[#This Row],[Kitting Quantity]]*Table13[[#This Row],[Unit Cost]] -> 0 | P31: HICOTRONICS | Q31: 60DAYS CREDIT | AA31: =N1 -> 0
A32: 27 | B32: RS01046 | C32: 1 | D32: R12 | E32: 430E | F32: R0603 | G32: 1% | H32: YAGEO,ROYALOHM ,UNIOHAM | I32: HICOTRONICS,GUJARAT POLY AVX,ELECTRONICA | J32: 0.05 | K32: =Table13[[#This Row],[Quantity]]*Table13[[#This Row],[Unit Cost]] -> 0.05 | L32: 10000 | M32: =Table13[[#This Row],[Quantity]]*AA32-Table13[[#This Row],[STOCK]] -> -10000 | N32: =IF(Table13[[#This Row],[Interim Value]]<0,0,Table13[[#This Row],[Interim Value]]) -> 0 | O32: =Table13[[#This Row],[Kitting Quantity]]*Table13[[#This Row],[Unit Cost]] -> 0 | P32: HICOTRONICS | Q32: 60DAYS CREDIT | AA32: =N1 -> 0
A33: 28 | C33: 1 | D33: R13 | E33: SHORT | F33: R1206 | H33: YAGEO,ROYALOHM ,UNIOHAM | J33: 0 | K33: =Table13[[#This Row],[Quantity]]*Table13[[#This Row],[Unit Cost]] -> 0 | L33: 0 | M33: =Table13[[#This Row],[Quantity]]*AA33-Table13[[#This Row],[STOCK]] -> 0 | N33: =IF(Table13[[#This Row],[Interim Value]]<0,0,Table13[[#This Row],[Interim Value]]) -> 0 | O33: =Table13[[#This Row],[Kitting Quantity]]*Table13[[#This Row],[Unit Cost]] -> 0 | AA33: =N1 -> 0
A34: 29 | B34: IC15001 | C34: 1 | D34: U1 | E34: SM3300 | F34: SO8 | H34: SEMTRONICS | I34: SEM | J34: 15 | K34: =Table13[[#This Row],[Quantity]]*Table13[[#This Row],[Unit Cost]] -> 15 | L34: 19494 | M34: =Table13[[#This Row],[Quantity]]*AA34-Table13[[#This Row],[STOCK]] -> -19494 | N34: =IF(Table13[[#This Row],[Interim Value]]<0,0,Table13[[#This Row],[Interim Value]]) -> 0 | O34: =Table13[[#This Row],[Kitting Quantity]]*Table13[[#This Row],[Unit Cost]] -> 0 | P34: SEM | AA34: =N1 -> 0
A35: 30 | B35: PCB09036 | C35: 1 | E35: PCB VER 5.4 | F35: (17mm*150mm) | I35: UNIVERSAL | J35: 15.7 | K35: =Table13[[#This Row],[Quantity]]*Table13[[#This Row],[Unit Cost]] -> 15.7 | L35: 1026 | M35: =Table13[[#This Row],[Quantity]]*AA35-Table13[[#This Row],[STOCK]] -> -1026 | N35: =IF(Table13[[#This Row],[Interim Value]]<0,0,Table13[[#This Row],[Interim Value]]) -> 0 | O35: =Table13[[#This Row],[Kitting Quantity]]*Table13[[#This Row],[Unit Cost]] -> 0 | P35: UNIVERSAL CIRCUTS | Q35: 60 DAYS | AA35: =N1 -> 0
A36: 31 | C36: 1 | E36: EMS COST | H36: EMADS | J36: 9 | K36: =Table13[[#This Row],[Quantity]]*Table13[[#This Row],[Unit Cost]] -> 9 | L36: 0 | M36: =Table13[[#This Row],[Quantity]]*AA36-Table13[[#This Row],[STOCK]] -> 0 | N36: =IF(Table13[[#This Row],[Interim Value]]<0,0,Table13[[#This Row],[Interim Value]]) -> 0 | O36: =Table13[[#This Row],[Kitting Quantity]]*Table13[[#This Row],[Unit Cost]] -> 0 | P36: FLIP CHIP | AA36: =N1 -> 0
A37: 32 | B37: EQ10069 | C37: 1 | E37: BAR CODE STICKER | J37: 0.3 | K37: =Table13[[#This Row],[Quantity]]*Table13[[#This Row],[Unit Cost]] -> 0.3 | L37: 0 | M37: =Table13[[#This Row],[Quantity]]*AA37-Table13[[#This Row],[STOCK]] -> 0 | N37: =IF(Table13[[#This Row],[Interim Value]]<0,0,Table13[[#This Row],[Interim Value]]) -> 0 | O37: =Table13[[#This Row],[Kitting Quantity]]*Table13[[#This Row],[Unit Cost]] -> 0 | AA37: =N1 -> 0
E38: TOTAL COST | K38: =SUBTOTAL(109,[Total]) -> 85.9 | AA38: =N1 -> 0
A39: Total Electronics Cost | O39: =SUM(Table13[PRICE]) -> 0
B42: BOM Value Split | F42: Kitting Value Split
B43: T/T | C43: =K34 -> 15 | F43: T/T | G43: =O34 -> 0
B44: 7 Days | F44: 7 Days | G44: 0
B45: 15 Days | F45: 15 Days | G45: 0
B46: 30 Days | C46: =K36+K37 -> 9.3 | F46: 30 Days | G46: =O36+O37 -> 0
B47: 60 Days | C47: =K35+SUM(K19:K32)+SUM(K6:K17) -> 54.1 | F47: 60 Days | G47: =O35+SUM(O19:O32)+SUM(O6:O17) -> 0
B48: 90 Days | C48: =K18 -> 7.5 | F48: 90 Days | G48: =O18 -> 0

Sheet TL 5.8 VER
A1: Product Code | C1: DR13060 | K1: Kitting Quantity | N1: ='Detail-Planner'!E6 -> 0
A3: Product Description - TUBE LIGHT 5.8 VER
A5: Item | B5: Raw Material Code | C5: Quantity | D5: Reference | E5: Part | F5: Package | G5: Tolerence | H5: Make | I5: Vendor | J5: Unit Cost | K5: TOTAL | L5: STOCK | M5: Interim Value | N5: Kitting Quantity | O5: PRICE | P5: SUPPLIER NAME | Q5: PAYMENT TERMS
A6: 1 | B6: DE05001 | C6: 1 | D6: BD1 | E6: B10S | F6: MD6S_4P | G6: 10% | H6: GOODARC,MIC,HY | I6: HICOTRONICS,MIC,SAINI | J6: 2.6 | K6: =Table1479101156[[#This Row],[Unit Cost]]*Table1479101156[[#This Row],[Quantity]] -> 2.6 | L6: 0 | M6: =Table1479101156[[#This Row],[Quantity]]*Z6-Table1479101156[[#This Row],[STOCK]] -> 0 | N6: =IF(Table1479101156[[#This Row],[Interim Value]]<0,0,Table1479101156[[#This Row],[Interim Value]]) -> 0 | O6: =Table1479101156[[#This Row],[Kitting Quantity]]*Table1479101156[[#This Row],[Unit Cost]] -> 0 | P6: HICOTRONICS | Q6: 60DAYS CREDIT | Z6: =N1 -> 0
A7: 2 | B7: CP04007 | C7: 1 | D7: C1 | E7: 103/1000V | F7: CAP_DISC_200 | G7: 10% | H7: YAGEO,AVX,KEMET | I7: SAINI,HICOTRONICS,GUJARAT POLY AVX | J7: 0.6 | K7: =Table1479101156[[#This Row],[Unit Cost]]*Table1479101156[[#This Row],[Quantity]] -> 0.6 | L7: 0 | M7: =Table1479101156[[#This Row],[Quantity]]*Z7-Table1479101156[[#This Row],[STOCK]] -> 0 | N7: =IF(Table1479101156[[#This Row],[Interim Value]]<0,0,Table1479101156[[#This Row],[Interim Value]]) -> 0 | O7: =Table1479101156[[#This Row],[Kitting Quantity]]*Table1479101156[[#This Row],[Unit Cost]] -> 0 | P7: SUN MICRO COMPONENTS | Q7: 60DAYS CREDIT | Z7: =N1 -> 0
A8: 3 | B8: RS01080 | C8: 1 | D8: C3 | E8: 100P | F8: C0805 | G8: 5% | H8: YAGEO,AVX,KEMET | I8: SAINI,HICOTRONICS,GUJARAT POLY AVX | J8: 0.2 | K8: =Table1479101156[[#This Row],[Unit Cost]]*Table1479101156[[#This Row],[Quantity]] -> 0.2 | L8: 3715 | M8: =Table1479101156[[#This Row],[Quantity]]*Z8-Table1479101156[[#This Row],[STOCK]] -> -3715 | N8: =IF(Table1479101156[[#This Row],[Interim Value]]<0,0,Table1479101156[[#This Row],[Interim Value]]) -> 0 | O8: =Table1479101156[[#This Row],[Kitting Quantity]]*Table1479101156[[#This Row],[Unit Cost]] -> 0 | P8: HICOTRONICS | Q8: 60DAYS CREDIT | Z8: =N1 -> 0
A9: 4 | B9: RS01012 | C9: 1 | D9: C4 | E9: 1uF/50 | F9: C0805 | G9: 5% | H9: YAGEO,AVX,KEMET | I9: SAINI,HICOTRONICS,GUJARAT POLY AVX | J9: 0.35 | K9: =Table1479101156[[#This Row],[Unit Cost]]*Table1479101156[[#This Row],[Quantity]] -> 0.35 | L9: 1745 | M9: =Table1479101156[[#This Row],[Quantity]]*Z9-Table1479101156[[#This Row],[STOCK]] -> -1745 | N9: =IF(Table1479101156[[#This Row],[Interim Value]]<0,0,Table1479101156[[#This Row],[Interim Value]]) -> 0 | O9: =Table1479101156[[#This Row],[Kitting Quantity]]*Table1479101156[[#This Row],[Unit Cost]] -> 0 | P9: HICOTRONICS | Q9: 60DAYS CREDIT | Z9: =N1 -> 0
A10: 5 | B10: RS01012 | C10: 1 | D10: C5 | E10: 1uF/50 | F10: C0805 | G10: 5% | H10: YAGEO,AVX,KEMET | I10: SAINI,HICOTRONICS,GUJARAT POLY AVX | J10: 0.35 | K10: =Table1479101156[[#This Row],[Unit Cost]]*Table1479101156[[#This Row],[Quantity]] -> 0.35 | L10: 0 | M10: =Table1479101156[[#This Row],[Quantity]]*Z10-Table1479101156[[#This Row],[STOCK]] -> 0 | N10: =IF(Table1479101156[[#This Row],[Interim Value]]<0,0,Table1479101156[[#This Row],[Interim Value]]) -> 0 | O10: =Table1479101156[[#This Row],[Kitting Quantity]]*Table1479101156[[#This Row],[Unit Cost]] -> 0 | P10: HICOTRONICS | Q10: 60DAYS CREDIT | Z10: =N1 -> 0
A11: 6 | B11: CP04007 | C11: 1 | D11: C6 | E11: 103, 1KVA | F11: CAP_TH | G11: 10% | H11: YAGEO,AVX,KEMET | I11: SAINI,HICOTRONICS,GUJARAT POLY AVX | J11: 0.6 | K11: =Table1479101156[[#This Row],[Unit Cost]]*Table1479101156[[#This Row],[Quantity]] -> 0.6 | L11: 0 | M11: =Table1479101156[[#This Row],[Quantity]]*Z11-Table1479101156[[#This Row],[STOCK]] -> 0 | N11: =IF(Table1479101156[[#This Row],[Interim Value]]<0,0,Table1479101156[[#This Row],[Interim Value]]) -> 0 | O11: =Table1479101156[[#This Row],[Kitting Quantity]]*Table1479101156[[#This Row],[Unit Cost]] -> 0 | P11: SUN MICRO COMPONENTS | Q11: 60DAYS CREDIT | Z11: =N1 -> 0
A12: 7 | B12: CP04007 | C12: 1 | D12: C7 | E12: 103/1000V | F12: CAP_DISC_200 | G12: 10% | H12: YAGEO,AVX,KEMET | I12: SAINI,HICOTRONICS,GUJARAT POLY AVX | J12: 0.6 | K12: =Table1479101156[[#This Row],[Unit Cost]]*Table1479101156[[#This Row],[Quantity]] -> 0.6 | L12: 0 | M12: =Table1479101156[[#This Row],[Quantity]]*Z12-Table1479101156[[#This Row],[STOCK]] -> 0 | N12: =IF(Table1479101156[[#This Row],[Interim Value]]<0,0,Table1479101156[[#This Row],[Interim Value]]) -> 0 | O12: =Table1479101156[[#This Row],[Kitting Quantity]]*Table1479101156[[#This Row],[Unit Cost]] -> 0 | P12: SUN MICRO COMPONENTS | Q12: 60DAYS CREDIT | Z12: =N1 -> 0
A13: 8 | B13: CP04004 | C13: 1 | D13: C8 | E13: P2G102K | F13: CAP_CER_2P_8MM | G13: NC | H13: PIA | I13: SREE ELECTRONICS,TEXTONIC | J13: 0.8 | K13: =Table1479101156[[#This Row],[Unit Cost]]*Table1479101156[[#This Row],[Quantity]] -> 0.8 | L13: 0 | M13: =Table1479101156[[#This Row],[Quantity]]*Z13-Table1479101156[[#This Row],[STOCK]] -> 0 | N13: =IF(Table1479101156[[#This Row],[Interim Value]]<0,0,Table1479101156[[#This Row],[Interim Value]]) -> 0 | O13: =Table1479101156[[#This Row],[Kitting Quantity]]*Table1479101156[[#This Row],[Unit Cost]] -> 0 | P13: SHREE ELECTRONICS | Q13: 60DAYS PDC | Z13: =N1 -> 0
A14: 9 | B14: CP04023 | C14: 1 | D14: C9 | E14: 220nF/630V | F14: CAP_CER_2P_8MM | G14: 10% | H14: JACKCON,SAMHWA | I14: SAINI ,TEXONICS | J14: 4.5 | K14: =Table1479101156[[#This Row],[Unit Cost]]*Table1479101156[[#This Row],[Quantity]] -> 4.5 | L14: 2500 | M14: =Table1479101156[[#This Row],[Quantity]]*Z14-Table1479101156[[#This Row],[STOCK]] -> -2500 | N14: =IF(Table1479101156[[#This Row],[Interim Value]]<0,0,Table1479101156[[#This Row],[Interim Value]]) -> 0 | O14: =Table1479101156[[#This Row],[Kitting Quantity]]*Table1479101156[[#This Row],[Unit Cost]] -> 0 | P14: SUN MICRO COMPONENTS | Q14: 60DAYS CREDIT | Z14: =N1 -> 0
A15: 10 | B15: CP04024 | C15: 1 | D15: CP1 | E15: 22uF/250V | F15: CAP_EL_22_5_SL | G15: 10% | H15: JACKCON,SAMHWA | I15: SAINI ,TEXONICS | J15: 3.6 | K15: =Table1479101156[[#This Row],[Unit Cost]]*Table1479101156[[#This Row],[Quantity]] -> 3.6 | L15: 500 | M15: =Table1479101156[[#This Row],[Quantity]]*Z15-Table1479101156[[#This Row],[STOCK]] -> -500 | N15: =IF(Table1479101156[[#This Row],[Interim Value]]<0,0,Table1479101156[[#This Row],[Interim Value]]) -> 0 | O15: =Table1479101156[[#This Row],[Kitting Quantity]]*Table1479101156[[#This Row],[Unit Cost]] -> 0 | P15: SUN MICRO COMPONENTS | Q15: 60DAYS CREDIT | Z15: =N1 -> 0
A16: 11 | B16: CP04024 | C16: 1 | D16: CP2 | E16: 22uF/250V | F16: CAP_EL_22_5_SL | G16: 10% | H16: JACKCON,SAMHWA | I16: SAINI ,TEXONICS | J16: 3.6 | K16: =Table1479101156[[#This Row],[Unit Cost]]*Table1479101156[[#This Row],[Quantity]] -> 3.6 | L16: 0 | M16: =Table1479101156[[#This Row],[Quantity]]*Z16-Table1479101156[[#This Row],[STOCK]] -> 0 | N16: =IF(Table1479101156[[#This Row],[Interim Value]]<0,0,Table1479101156[[#This Row],[Interim Value]]) -> 0 | O16: =Table1479101156[[#This Row],[Kitting Quantity]]*Table1479101156[[#This Row],[Unit Cost]] -> 0 | P16: SUN MICRO COMPONENTS | Q16: 60DAYS CREDIT | Z16: =N1 -> 0
A17: 12 | B17: DE05013 | C17: 1 | D17: D1 | E17: MUR460 | F17: DI_550_SR3100 | H17: GOODARC,MIC,HY | I17: SAINI,HICOTRONICS,GUJARAT POLY AVX | J17: 3.5 | K17: =Table1479101156[[#This Row],[Unit Cost]]*Table1479101156[[#This Row],[Quantity]] -> 3.5 | L17: 745 | M17: =Table1479101156[[#This Row],[Quantity]]*Z17-Table1479101156[[#This Row],[STOCK]] -> -745 | N17: =IF(Table1479101156[[#This Row],[Interim Value]]<0,0,Table1479101156[[#This Row],[Interim Value]]) -> 0 | O17: =Table1479101156[[#This Row],[Kitting Quantity]]*Table1479101156[[#This Row],[Unit Cost]] -> 0 | P17: HICOTRONICS | Q17: 60DAYS CREDIT | Z17: =N1 -> 0
A18: 13 | B18: DE05006 | C18: 1 | D18: D2 | E18: SS4007 | F18: SMA | H18: GOODARC,MIC,HY | I18: SAINI,HICOTRONICS,GUJARAT POLY AVX | J18: 0.45 | K18: =Table1479101156[[#This Row],[Unit Cost]]*Table1479101156[[#This Row],[Quantity]] -> 0.45 | L18: 0 | M18: =Table1479101156[[#This Row],[Quantity]]*Z18-Table1479101156[[#This Row],[STOCK]] -> 0 | N18: =IF(Table1479101156[[#This Row],[Interim Value]]<0,0,Table1479101156[[#This Row],[Interim Value]]) -> 0 | O18: =Table1479101156[[#This Row],[Kitting Quantity]]*Table1479101156[[#This Row],[Unit Cost]] -> 0 | P18: HICOTRONICS | Q18: 60DAYS CREDIT | Z18: =N1 -> 0
A19: 14 | B19: DE05006 | C19: 1 | D19: D3 | E19: SS4007 | F19: SMA | H19: GOODARC,MIC,HY | I19: SAINI,HICOTRONICS,GUJARAT POLY AVX | J19: 0.45 | K19: =Table1479101156[[#This Row],[Unit Cost]]*Table1479101156[[#This Row],[Quantity]] -> 0.45 | L19: 0 | M19: =Table1479101156[[#This Row],[Quantity]]*Z19-Table1479101156[[#This Row],[STOCK]] -> 0 | N19: =IF(Table1479101156[[#This Row],[Interim Value]]<0,0,Table1479101156[[#This Row],[Interim Value]]) -> 0 | O19: =Table1479101156[[#This Row],[Kitting Quantity]]*Table1479101156[[#This Row],[Unit Cost]] -> 0 | P19: HICOTRONICS | Q19: 60DAYS CREDIT | Z19: =N1 -> 0
A20: 15 | B20: DE05006 | C20: 1 | D20: D4 | E20: SS4007 | F20: SMA | H20: GOODARC,MIC,HY | I20: SAINI,HICOTRONICS,GUJARAT POLY AVX | J20: 0.45 | K20: =Table1479101156[[#This Row],[Unit Cost]]*Table1479101156[[#This Row],[Quantity]] -> 0.45 | L20: 0 | M20: =Table1479101156[[#This Row],[Quantity]]*Z20-Table1479101156[[#This Row],[STOCK]] -> 0 | N20: =IF(Table1479101156[[#This Row],[Interim Value]]<0,0,Table1479101156[[#This Row],[Interim Value]]) -> 0 | O20: =Table1479101156[[#This Row],[Kitting Quantity]]*Table1479101156[[#This Row],[Unit Cost]] -> 0 | P20: HICOTRONICS | Q20: 60DAYS CREDIT | Z20: =N1 -> 0
A21: 16 | B21: DE05015 | C21: 1 | D21: F1 | E21: 1A, 250V | F21: FUSE_2P_6MM | H21: UCHI/PROTECTRON | I21: SAINI,PUNITH ELECTRONICS | J21: 2.5 | K21: =Table1479101156[[#This Row],[Unit Cost]]*Table1479101156[[#This Row],[Quantity]] -> 2.5 | L21: 0 | M21: =Table1479101156[[#This Row],[Quantity]]*Z21-Table1479101156[[#This Row],[STOCK]] -> 0 | N21: =IF(Table1479101156[[#This Row],[Interim Value]]<0,0,Table1479101156[[#This Row],[Interim Value]]) -> 0 | O21: =Table1479101156[[#This Row],[Kitting Quantity]]*Table1479101156[[#This Row],[Unit Cost]] -> 0 | P21: SUN MICRO COMPONENTS | Q21: 60DAYS CREDIT | Z21: =N1 -> 0
A22: 17 | B22: IN08003 | C22: 1 | D22: L4 | E22: 3mH | F22: IND_5MM_TH | G22: 5% | H22: METRONIX | I22: METRONIX | J22: 7.5 | K22: =Table1479101156[[#This Row],[Unit Cost]]*Table1479101156[[#This Row],[Quantity]] -> 7.5 | L22: 0 | M22: =Table1479101156[[#This Row],[Quantity]]*Z22-Table1479101156[[#This Row],[STOCK]] -> 0 | N22: =IF(Table1479101156[[#This Row],[Interim Value]]<0,0,Table1479101156[[#This Row],[Interim Value]]) -> 0 | O22: =Table1479101156[[#This Row],[Kitting Quantity]]*Table1479101156[[#This Row],[Unit Cost]] -> 0 | P22: METRONIX | Q22: 90 DAYS CREDIT | Z22: =N1 -> 0
A23: 18 | B23: IN08002 | C23: 1 | D23: L5 | E23: 1mH | F23: R_400 | H23: JMY | I23: JMY | J23: 0.9 | K23: =Table1479101156[[#This Row],[Unit Cost]]*Table1479101156[[#This Row],[Quantity]] -> 0.9 | L23: 7500 | M23: =Table1479101156[[#This Row],[Quantity]]*Z23-Table1479101156[[#This Row],[STOCK]] -> -7500 | N23: =IF(Table1479101156[[#This Row],[Interim Value]]<0,0,Table1479101156[[#This Row],[Interim Value]]) -> 0 | O23: =Table1479101156[[#This Row],[Kitting Quantity]]*Table1479101156[[#This Row],[Unit Cost]] -> 0 | P23: JMY | Q23: IMMEDIATE | Z23: =N1 -> 0
A24: 19 | B24: IN08002 | C24: 1 | D24: L6 | E24: 1mH | F24: R_400 | H24: JMY | I24: JMY | J24: 0.9 | K24: =Table1479101156[[#This Row],[Unit Cost]]*Table1479101156[[#This Row],[Quantity]] -> 0.9 | L24: 0 | M24: =Table1479101156[[#This Row],[Quantity]]*Z24-Table1479101156[[#This Row],[STOCK]] -> 0 | N24: =IF(Table1479101156[[#This Row],[Interim Value]]<0,0,Table1479101156[[#This Row],[Interim Value]]) -> 0 | O24: =Table1479101156[[#This Row],[Kitting Quantity]]*Table1479101156[[#This Row],[Unit Cost]] -> 0 | P24: JMY | Q24: IMMEDIATE | Z24: =N1 -> 0
A25: 20 | B25: IN08002 | C25: 1 | D25: L7 | E25: 1mH | F25: R_400 | H25: JMY | I25: JMY | J25: 0.9 | K25: =Table1479101156[[#This Row],[Unit Cost]]*Table1479101156[[#This Row],[Quantity]] -> 0.9 | L25: 0 | M25: =Table1479101156[[#This Row],[Quantity]]*Z25-Table1479101156[[#This Row],[STOCK]] -> 0 | N25: =IF(Table1479101156[[#This Row],[Interim Value]]<0,0,Table1479101156[[#This Row],[Interim Value]]) -> 0 | O25: =Table1479101156[[#This Row],[Kitting Quantity]]*Table1479101156[[#This Row],[Unit Cost]] -> 0 | P25: JMY | Q25: IMMEDIATE | Z25: =N1 -> 0
A26: 21 | B26: MOV11003 | C26: 1 | D26: MOV1 | E26: 14D471K | F26: RES_2W | H26: EPCOS/UCHI/HEL | I26: HICOTRONICS,SAINI | J26: 3 | K26: =Table1479101156[[#This Row],[Unit Cost]]*Table1479101156[[#This Row],[Quantity]] -> 3 | L26: 0 | M26: =Table1479101156[[#This Row],[Quantity]]*Z26-Table1479101156[[#This Row],[STOCK]] -> 0 | N26: =IF(Table1479101156[[#This Row],[Interim Value]]<0,0,Table1479101156[[#This Row],[Interim Value]]) -> 0 | O26: =Table1479101156[[#This Row],[Kitting Quantity]]*Table1479101156[[#This Row],[Unit Cost]] -> 0 | P26: SUN MICRO COMPONENTS | Q26: 60DAYS CREDIT | Z26: =N1 -> 0
A27: 22 | B27: MF02004 | C27: 1 | D27: Q1 | E27: H4N60 | F27: TO_220_AB_HOR | H27: FAIRCHILD ,HY ,SEM | I27: SAINI,SEM | J27: 11.9 | K27: =Table1479101156[[#This Row],[Unit Cost]]*Table1479101156[[#This Row],[Quantity]] -> 11.9 | L27: 0 | M27: =Table1479101156[[#This Row],[Quantity]]*Z27-Table1479101156[[#This Row],[STOCK]] -> 0 | N27: =IF(Table1479101156[[#This Row],[Interim Value]]<0,0,Table1479101156[[#This Row],[Interim Value]]) -> 0 | O27: =Table1479101156[[#This Row],[Kitting Quantity]]*Table1479101156[[#This Row],[Unit Cost]] -> 0 | P27: SUN MICRO COMPONENTS | Q27: 60DAYS CREDIT | Z27: =N1 -> 0
A28: 23 | B28: RS01009 | C28: 1 | D28: R1 | E28: 0R | F28: R0805 | H28: YAGEO,ROYALOHM ,UNIOHAM | I28: HICOTRONICS,GUJARAT POLY AVX,ELECTRONICA | J28: 0.05 | K28: =Table1479101156[[#This Row],[Unit Cost]]*Table1479101156[[#This Row],[Quantity]] -> 0.05 | L28: 1750 | M28: =Table1479101156[[#This Row],[Quantity]]*Z28-Table1479101156[[#This Row],[STOCK]] -> -1750 | N28: =IF(Table1479101156[[#This Row],[Interim Value]]<0,0,Table1479101156[[#This Row],[Interim Value]]) -> 0 | O28: =Table1479101156[[#This Row],[Kitting Quantity]]*Table1479101156[[#This Row],[Unit Cost]] -> 0 | P28: HICOTRONICS | Q28: 60DAYS CREDIT | Z28: =N1 -> 0
A29: 24 | B29: RS01106 | C29: 1 | D29: R2 | E29: 1R100 | F29: R1206 | G29: 1% | H29: YAGEO,ROYALOHM ,UNIOHAM | I29: HICOTRONICS,GUJARAT POLY AVX,ELECTRONICA | J29: 0.2 | K29: =Table1479101156[[#This Row],[Unit Cost]]*Table1479101156[[#This Row],[Quantity]] -> 0.2 | L29: 0 | M29: =Table1479101156[[#This Row],[Quantity]]*Z29-Table1479101156[[#This Row],[STOCK]] -> 0 | N29: =IF(Table1479101156[[#This Row],[Interim Value]]<0,0,Table1479101156[[#This Row],[Interim Value]]) -> 0 | O29: =Table1479101156[[#This Row],[Kitting Quantity]]*Table1479101156[[#This Row],[Unit Cost]] -> 0 | P29: HICOTRONICS | Q29: 60DAYS CREDIT | Z29: =N1 -> 0
A30: 25 | B30: RS01130 | C30: 1 | D30: R3 | E30: 0.68E | F30: R1206 | G30: 1% | H30: YAGEO,ROYALOHM ,UNIOHAM | I30: HICOTRONICS,GUJARAT POLY AVX,ELECTRONICA | J30: 0.5 | K30: =Table1479101156[[#This Row],[Unit Cost]]*Table1479101156[[#This Row],[Quantity]] -> 0.5 | L30: 2525 | M30: =Table1479101156[[#This Row],[Quantity]]*Z30-Table1479101156[[#This Row],[STOCK]] -> -2525 | N30: =IF(Table1479101156[[#This Row],[Interim Value]]<0,0,Table1479101156[[#This Row],[Interim Value]]) -> 0 | O30: =Table1479101156[[#This Row],[Kitting Quantity]]*Table1479101156[[#This Row],[Unit Cost]] -> 0 | P30: HICOTRONICS | Q30: 60DAYS CREDIT | Z30: =N1 -> 0
A31: 26 | B31: RS01092 | C31: 1 | D31: R4 | E31: 49.9K | F31: R0805 | G31: 1% | H31: YAGEO,ROYALOHM ,UNIOHAM | I31: HICOTRONICS,GUJARAT POLY AVX,ELECTRONICA | J31: 0.05 | K31: =Table1479101156[[#This Row],[Unit Cost]]*Table1479101156[[#This Row],[Quantity]] -> 0.05 | L31: 0 | M31: =Table1479101156[[#This Row],[Quantity]]*Z31-Table1479101156[[#This Row],[STOCK]] -> 0 | N31: =IF(Table1479101156[[#This Row],[Interim Value]]<0,0,Table1479101156[[#This Row],[Interim Value]]) -> 0 | O31: =Table1479101156[[#This Row],[Kitting Quantity]]*Table1479101156[[#This Row],[Unit Cost]] -> 0 | P31: HICOTRONICS | Q31: 60DAYS CREDIT | Z31: =N1 -> 0
A32: 27 | B32: RS01007 | C32: 1 | D32: R6 | E32: 100K | F32: R0805 | G32: 1% | H32: YAGEO,ROYALOHM ,UNIOHAM | I32: HICOTRONICS,GUJARAT POLY AVX,ELECTRONICA | J32: 0.05 | K32: =Table1479101156[[#This Row],[Unit Cost]]*Table1479101156[[#This Row],[Quantity]] -> 0.05 | L32: 0 | M32: =Table1479101156[[#This Row],[Quantity]]*Z32-Table1479101156[[#This Row],[STOCK]] -> 0 | N32: =IF(Table1479101156[[#This Row],[Interim Value]]<0,0,Table1479101156[[#This Row],[Interim Value]]) -> 0 | O32: =Table1479101156[[#This Row],[Kitting Quantity]]*Table1479101156[[#This Row],[Unit Cost]] -> 0 | P32: HICOTRONICS | Q32: 60DAYS CREDIT | Z32: =N1 -> 0
A33: 28 | B33: RS01090 | C33: 1 | D33: R7 | E33: 333K | F33: R0805 | G33: 1% | H33: YAGEO,ROYALOHM ,UNIOHAM | I33: HICOTRONICS,GUJARAT POLY AVX,ELECTRONICA | J33: 0.05 | K33: =Table1479101156[[#This Row],[Unit Cost]]*Table1479101156[[#This Row],[Quantity]] -> 0.05 | L33: 0 | M33: =Table1479101156[[#This Row],[Quantity]]*Z33-Table1479101156[[#This Row],[STOCK]] -> 0 | N33: =IF(Table1479101156[[#This Row],[Interim Value]]<0,0,Table1479101156[[#This Row],[Interim Value]]) -> 0 | O33: =Table1479101156[[#This Row],[Kitting Quantity]]*Table1479101156[[#This Row],[Unit Cost]] -> 0 | P33: HICOTRONICS | Q33: 60DAYS CREDIT | Z33: =N1 -> 0
A34: 29 | B34: RS01131 | C34: 1 | D34: R8 | E34: 10E | F34: R0805 | G34: 1% | H34: YAGEO,ROYALOHM ,UNIOHAM | I34: HICOTRONICS,GUJARAT POLY AVX,ELECTRONICA | J34: 0.05 | K34: =Table1479101156[[#This Row],[Unit Cost]]*Table1479101156[[#This Row],[Quantity]] -> 0.05 | L34: 4950 | M34: =Table1479101156[[#This Row],[Quantity]]*Z34-Table1479101156[[#This Row],[STOCK]] -> -4950 | N34: =IF(Table1479101156[[#This Row],[Interim Value]]<0,0,Table1479101156[[#This Row],[Interim Value]]) -> 0 | O34: =Table1479101156[[#This Row],[Kitting Quantity]]*Table1479101156[[#This Row],[Unit Cost]] -> 0 | P34: HICOTRONICS | Q34: 60DAYS CREDIT | Z34: =N1 -> 0
A35: 30 | B35: RS01094 | C35: 1 | D35: R10 | E35: 174KE | F35: R0603 | G35: 5% | H35: YAGEO,ROYALOHM ,UNIOHAM | I35: HICOTRONICS,GUJARAT POLY AVX,ELECTRONICA | J35: 0.05 | K35: =Table1479101156[[#This Row],[Unit Cost]]*Table1479101156[[#This Row],[Quantity]] -> 0.05 | L35: 0 | M35: =Table1479101156[[#This Row],[Quantity]]*Z35-Table1479101156[[#This Row],[STOCK]] -> 0 | N35: =IF(Table1479101156[[#This Row],[Interim Value]]<0,0,Table1479101156[[#This Row],[Interim Value]]) -> 0 | O35: =Table1479101156[[#This Row],[Kitting Quantity]]*Table1479101156[[#This Row],[Unit Cost]] -> 0 | P35: HICOTRONICS | Q35: 60DAYS CREDIT | Z35: =N1 -> 0
A36: 31 | B36: RS01095 | C36: 1 | D36: R11 | E36: 1K | F36: R0603 | G36: NC | H36: YAGEO,ROYALOHM ,UNIOHAM | I36: HICOTRONICS,GUJARAT POLY AVX,ELECTRONICA | J36: 0.05 | K36: =Table1479101156[[#This Row],[Unit Cost]]*Table1479101156[[#This Row],[Quantity]] -> 0.05 | L36: 2615 | M36: =Table1479101156[[#This Row],[Quantity]]*Z36-Table1479101156[[#This Row],[STOCK]] -> -2615 | N36: =IF(Table1479101156[[#This Row],[Interim Value]]<0,0,Table1479101156[[#This Row],[Interim Value]]) -> 0 | O36: =Table1479101156[[#This Row],[Kitting Quantity]]*Table1479101156[[#This Row],[Unit Cost]] -> 0 | P36: HICOTRONICS | Q36: 60DAYS CREDIT | Z36: =N1 -> 0
A37: 32 | B37: RS01030 | C37: 1 | D37: R12 | E37: 430E | F37: R0805 | G37: 5% | H37: YAGEO,ROYALOHM ,UNIOHAM | I37: HICOTRONICS,GUJARAT POLY AVX,ELECTRONICA | J37: 0.05 | K37: =Table1479101156[[#This Row],[Unit Cost]]*Table1479101156[[#This Row],[Quantity]] -> 0.05 | L37: 0 | M37: =Table1479101156[[#This Row],[Quantity]]*Z37-Table1479101156[[#This Row],[STOCK]] -> 0 | N37: =IF(Table1479101156[[#This Row],[Interim Value]]<0,0,Table1479101156[[#This Row],[Interim Value]]) -> 0 | O37: =Table1479101156[[#This Row],[Kitting Quantity]]*Table1479101156[[#This Row],[Unit Cost]] -> 0 | P37: HICOTRONICS | Q37: 60DAYS CREDIT | Z37: =N1 -> 0
A38: 33 | B38: RS01107 | C38: 1 | D38: R13 | E38: 7.5k | F38: 1/4 WATT | G38: 5% | H38: YAGEO,ROYALOHM ,UNIOHAM | I38: HICOTRONICS,GUJARAT POLY AVX,ELECTRONICA | J38: 0.05 | K38: =Table1479101156[[#This Row],[Unit Cost]]*Table1479101156[[#This Row],[Quantity]] -> 0.05 | L38: 2500 | M38: =Table1479101156[[#This Row],[Quantity]]*Z38-Table1479101156[[#This Row],[STOCK]] -> -2500 | N38: =IF(Table1479101156[[#This Row],[Interim Value]]<0,0,Table1479101156[[#This Row],[Interim Value]]) -> 0 | O38: =Table1479101156[[#This Row],[Kitting Quantity]]*Table1479101156[[#This Row],[Unit Cost]] -> 0 | P38: SHREE ELECTRONICS | Q38: 60DAYS PDC | Z38: =N1 -> 0
A39: 34 | B39: RS01132 | C39: 1 | D39: R14 | E39: 1E | F39: RES_1W | G39: 1 | H39: YAGEO,ROYALOHM ,UNIOHAM | I39: HICOTRONICS,GUJARAT POLY AVX,ELECTRONICA | J39: 1 | K39: =Table1479101156[[#This Row],[Unit Cost]]*Table1479101156[[#This Row],[Quantity]] -> 1 | L39: 2500 | M39: =Table1479101156[[#This Row],[Quantity]]*Z39-Table1479101156[[#This Row],[STOCK]] -> -2500 | N39: =IF(Table1479101156[[#This Row],[Interim Value]]<0,0,Table1479101156[[#This Row],[Interim Value]]) -> 0 | O39: =Table1479101156[[#This Row],[Kitting Quantity]]*Table1479101156[[#This Row],[Unit Cost]] -> 0 | P39: JMY | Q39: IMMEDIATE | Z39: =N1 -> 0
A40: 35 | C40: 1 | D40: RT1 | E40: NTC | F40: RES_2W | J40: 1 | K40: =Table1479101156[[#This Row],[Unit Cost]]*Table1479101156[[#This Row],[Quantity]] -> 1 | L40: 0 | M40: =Table1479101156[[#This Row],[Quantity]]*Z40-Table1479101156[[#This Row],[STOCK]] -> 0 | N40: =IF(Table1479101156[[#This Row],[Interim Value]]<0,0,Table1479101156[[#This Row],[Interim Value]]) -> 0 | O40: =Table1479101156[[#This Row],[Kitting Quantity]]*Table1479101156[[#This Row],[Unit Cost]] -> 0 | Q40: 60DAYS CREDIT | Z40: =N1 -> 0
A41: 36 | B41: IC15001 | C41: 1 | D41: U1 | E41: SM3300 | F41: SO8 | H41: SEMTRONICS | I41: SEM | J41: 15 | K41: =Table1479101156[[#This Row],[Unit Cost]]*Table1479101156[[#This Row],[Quantity]] -> 15 | L41: 2500 | M41: =Table1479101156[[#This Row],[Quantity]]*Z41-Table1479101156[[#This Row],[STOCK]] -> -2500 | N41: =IF(Table1479101156[[#This Row],[Interim Value]]<0,0,Table1479101156[[#This Row],[Interim Value]]) -> 0 | O41: =Table1479101156[[#This Row],[Kitting Quantity]]*Table1479101156[[#This Row],[Unit Cost]] -> 0 | P41: SEM | Q41: IMMEDIATE | Z41: =N1 -> 0
A42: 37 | B42: PCB09035 | C42: 1 | E42: PCB | I42: UNIVERSAL | J42: 17.5 | K42: =Table1479101156[[#This Row],[Unit Cost]]*Table1479101156[[#This Row],[Quantity]] -> 17.5 | L42: 4043 | M42: =Table1479101156[[#This Row],[Quantity]]*Z42-Table1479101156[[#This Row],[STOCK]] -> -4043 | N42: =IF(Table1479101156[[#This Row],[Interim Value]]<0,0,Table1479101156[[#This Row],[Interim Value]]) -> 0 | O42: =Table1479101156[[#This Row],[Kitting Quantity]]*Table1479101156[[#This Row],[Unit Cost]] -> 0 | P42: UNIVERSAL CIRCUTS | Q42: 60DAYS | Z42: =N1 -> 0
A43: 38 | C43: 1 | F43: EMS COST | H43: EFLIP CHIP | J43: 11 | K43: =Table1479101156[[#This Row],[Unit Cost]]*Table1479101156[[#This Row],[Quantity]] -> 11 | L43: 0 | M43: =Table1479101156[[#This Row],[Quantity]]*Z43-Table1479101156[[#This Row],[STOCK]] -> 0 | N43: =IF(Table1479101156[[#This Row],[Interim Value]]<0,0,Table1479101156[[#This Row],[Interim Value]]) -> 0 | O43: =Table1479101156[[#This Row],[Kitting Quantity]]*Table1479101156[[#This Row],[Unit Cost]] -> 0 | P43: FLIP CHIP | Z43: =N1 -> 0
A44: 39 | B44: EQ10069 | C44: 1 | F44: BAR CODE STICKER | J44: 0.3 | K44: =Table1479101156[[#This Row],[Unit Cost]]*Table1479101156[[#This Row],[Quantity]] -> 0.3 | L44: 0 | M44: =Table1479101156[[#This Row],[Quantity]]*Z44-Table1479101156[[#This Row],[STOCK]] -> 0 | N44: =IF(Table1479101156[[#This Row],[Interim Value]]<0,0,Table1479101156[[#This Row],[Interim Value]]) -> 0 | O44: =Table1479101156[[#This Row],[Kitting Quantity]]*Table1479101156[[#This Row],[Unit Cost]] -> 0 | Z44: =N1 -> 0
F45: TOTAL COST | K45: =SUM(K6:K44) -> 97.2
A46: Total Electronics Cost | O46: =SUM(Table1479101156[[#Data],[#Totals],[PRICE]]) -> 0
B50: T/T | C50: =J41+J39+J25+J24+J23 -> 18.7 | E50: T/T | F50: =O41+O39+O24+O23+O25 -> 0
B51: 7 Days | C51: 0 | E51: 7 Days | F51: 0
B52: 15 Days | C52: 0 | E52: 15 Days | F52: 0
B53: 30 Days | C53: =J43+J44 -> 11.3 | E53: 30 Days | F53: =O43+O44 -> 0
B54: 60 Days | C54: =J42+SUM(J26:J38)+SUM(J6:J21)+J40 -> 59.7 | E54: 60 Days | F54: =O42+SUM(O26:O38)+SUM(O6:O21)+O40 -> 0
B55: 90 Days | C55: =J22 -> 7.5 | E55: 90 Days | F55: =O22 -> 0
C56: =SUM(C50:C55) -> 97.2
F57: =SUM(F50:F56) -> 0

Sheet TL 5.13 VER
A1: Product Code | C1: DR13081 | K1: Kitting Quantity | N1: ='Detail-Planner'!E7 -> 0
A3: Product Description - 45V 700mA (17~30W Compatible) TL 5.13 VER
A5: Item | B5: Raw Material Code | C5: Quantity | D5: Reference | E5: Part | F5: Package | G5: Tolerence | H5: Make | I5: Vendor | J5: Unit Cost | K5: TOTAL | L5: STOCK | M5: Interim Value | N5: Kitting Quantity | O5: PRICE | P5: SUPPLIER NAME | Q5: PAYMENT TERMS
A6: 1 | B6: DE05001 | C6: 1 | D6: BD1 | E6: B10S-G(1000V 1A) | F6: TO-269AA | G6: 10% | H6: GOODARC,MIC,HY | I6: HICOTRONICS,MIC,SAINI | J6: 2.6 | K6: =Table14[[#This Row],[Unit Cost]]*Table14[[#This Row],[Quantity]] -> 2.6 | L6: 0 | M6: =Table14[[#This Row],[Quantity]]*Z6-Table14[[#This Row],[STOCK]] -> 0 | N6: =IF(Table14[[#This Row],[Interim Value]]<0,0,Table14[[#This Row],[Interim Value]]) -> 0 | O6: =Table14[[#This Row],[Kitting Quantity]]*Table14[[#This Row],[TOTAL]] -> 0 | P6: HICOTRONICS | Q6: 60DAYS CREDIT | Z6: =N1 -> 0
A7: 2 | B7: CP04007 | C7: 3 | D7: C1,C6,C7 | E7: 103/1000V | F7: CAP_DISC_200 | G7: 10% | H7: HEL / JACKCON/GUJARAT POLY AVX | I7: SAINI,HICOTRONICS,GUJARAT POLY AVX | J7: 0.6 | K7: =Table14[[#This Row],[Unit Cost]]*Table14[[#This Row],[Quantity]] -> 1.8 | L7: 0 | M7: =Table14[[#This Row],[Quantity]]*Z7-Table14[[#This Row],[STOCK]] -> 0 | N7: =IF(Table14[[#This Row],[Interim Value]]<0,0,Table14[[#This Row],[Interim Value]]) -> 0 | O7: =Table14[[#This Row],[Kitting Quantity]]*Table14[[#This Row],[TOTAL]] -> 0 | P7: SUN MICRO COMPONENTS | Q7: 60DAYS CREDIT | Z7: =N1 -> 0
A8: 3 | B8: RS01080 | C8: 1 | D8: C3 | E8: 100P/50V | F8: C0805 | G8: 5% | H8: YAGEO,AVX,KEMET | I8: SAINI,HICOTRONICS,GUJARAT POLY AVX | J8: 0.2 | K8: =Table14[[#This Row],[Unit Cost]]*Table14[[#This Row],[Quantity]] -> 0.2 | L8: 0 | M8: =Table14[[#This Row],[Quantity]]*Z8-Table14[[#This Row],[STOCK]] -> 0 | N8: =IF(Table14[[#This Row],[Interim Value]]<0,0,Table14[[#This Row],[Interim Value]]) -> 0 | O8: =Table14[[#This Row],[Kitting Quantity]]*Table14[[#This Row],[TOTAL]] -> 0 | P8: HICOTRONICS | Q8: 60DAYS CREDIT | Z8: =N1 -> 0
A9: 4 | B9: RS01012 | C9: 1 | D9: C4 | E9: 1uF/50V | F9: C0805 | G9: 5% | H9: YAGEO,AVX,KEMET | I9: SAINI,HICOTRONICS,GUJARAT POLY AVX | J9: 0.35 | K9: =Table14[[#This Row],[Unit Cost]]*Table14[[#This Row],[Quantity]] -> 0.35 | L9: 0 | M9: =Table14[[#This Row],[Quantity]]*Z9-Table14[[#This Row],[STOCK]] -> 0 | N9: =IF(Table14[[#This Row],[Interim Value]]<0,0,Table14[[#This Row],[Interim Value]]) -> 0 | O9: =Table14[[#This Row],[Kitting Quantity]]*Table14[[#This Row],[TOTAL]] -> 0 | P9: HICOTRONICS | Q9: 60DAYS CREDIT | Z9: =N1 -> 0
A10: 5 | B10: RS01091 | C10: 1 | D10: C5 | E10: 100nF/50V | F10: C0805 | G10: 5% | H10: YAGEO,AVX,KEMET | I10: SAINI,HICOTRONICS,GUJARAT POLY AVX | J10: 0.2 | K10: =Table14[[#This Row],[Unit Cost]]*Table14[[#This Row],[Quantity]] -> 0.2 | L10: 0 | M10: =Table14[[#This Row],[Quantity]]*Z10-Table14[[#This Row],[STOCK]] -> 0 | N10: =IF(Table14[[#This Row],[Interim Value]]<0,0,Table14[[#This Row],[Interim Value]]) -> 0 | O10: =Table14[[#This Row],[Kitting Quantity]]*Table14[[#This Row],[TOTAL]] -> 0 | P10: HICOTRONICS | Q10: 60DAYS CREDIT | Z10: =N1 -> 0
A11: 6 | B11: CP04004 | C11: 1 | D11: C8 | E11: P2G102K | F11: CAP_CER_2P_8MM | G11: NC | H11: PIA | I11: SREE ELECTRONICS,TEXTONIC | J11: 0.8 | K11: =Table14[[#This Row],[Unit Cost]]*Table14[[#This Row],[Quantity]] -> 0.8 | L11: 0 | M11: =Table14[[#This Row],[Quantity]]*Z11-Table14[[#This Row],[STOCK]] -> 0 | N11: =IF(Table14[[#This Row],[Interim Value]]<0,0,Table14[[#This Row],[Interim Value]]) -> 0 | O11: =Table14[[#This Row],[Kitting Quantity]]*Table14[[#This Row],[TOTAL]] -> 0 | P11: SHREE ELECTRONICS | Q11: 60DAYS PDC | Z11: =N1 -> 0
A12: 7 | B12: CP04023 | C12: 1 | D12: C9 | E12: 220nF/630V | F12: CBB22-224J | G12: 10% | H12: JACKCON,SAMHWA | I12: SAINI ,TEXONICS | J12: 4.5 | K12: =Table14[[#This Row],[Unit Cost]]*Table14[[#This Row],[Quantity]] -> 4.5 | L12: 350 | M12: =Table14[[#This Row],[Quantity]]*Z12-Table14[[#This Row],[STOCK]] -> -350 | N12: =IF(Table14[[#This Row],[Interim Value]]<0,0,Table14[[#This Row],[Interim Value]]) -> 0 | O12: =Table14[[#This Row],[Kitting Quantity]]*Table14[[#This Row],[TOTAL]] -> 0 | P12: SUN MICRO COMPONENTS | Q12: 60DAYS CREDIT | Z12: =N1 -> 0
A13: 8 | B13: CP04024 | C13: 2 | D13: CP1,CP2 | E13: 22uF/250V(105) | F13: (10mm*17mm) | G13: 10% | H13: JACKCON,SAMHWA | I13: SAINI ,TEXONICS | J13: 3.6 | K13: =Table14[[#This Row],[Unit Cost]]*Table14[[#This Row],[Quantity]] -> 7.2 | L13: 0 | M13: =Table14[[#This Row],[Quantity]]*Z13-Table14[[#This Row],[STOCK]] -> 0 | N13: =IF(Table14[[#This Row],[Interim Value]]<0,0,Table14[[#This Row],[Interim Value]]) -> 0 | O13: =Table14[[#This Row],[Kitting Quantity]]*Table14[[#This Row],[TOTAL]] -> 0 | P13: SUN MICRO COMPONENTS | Q13: 60DAYS CREDIT | Z13: =N1 -> 0
A14: 9 | B14: DE05013 | C14: 1 | D14: D1 | E14: MUR460 | F14: D0-201AD | H14: GOODARC,MIC,HY | I14: SAINI,HICOTRONICS,GUJARAT POLY AVX | J14: 3.5 | K14: =Table14[[#This Row],[Unit Cost]]*Table14[[#This Row],[Quantity]] -> 3.5 | L14: 0 | M14: =Table14[[#This Row],[Quantity]]*Z14-Table14[[#This Row],[STOCK]] -> 0 | N14: =IF(Table14[[#This Row],[Interim Value]]<0,0,Table14[[#This Row],[Interim Value]]) -> 0 | O14: =Table14[[#This Row],[Kitting Quantity]]*Table14[[#This Row],[TOTAL]] -> 0 | P14: HICOTRONICS | Q14: 60DAYS CREDIT | Z14: =N1 -> 0
A15: 10 | B15: DE05006 | C15: 3 | D15: D2,D3,D4 | E15: SS4007 | F15: SMA | H15: GOODARC,MIC,HY | I15: SAINI,HICOTRONICS,GUJARAT POLY AVX | J15: 0.45 | K15: =Table14[[#This Row],[Unit Cost]]*Table14[[#This Row],[Quantity]] -> 1.35 | L15: 0 | M15: =Table14[[#This Row],[Quantity]]*Z15-Table14[[#This Row],[STOCK]] -> 0 | N15: =IF(Table14[[#This Row],[Interim Value]]<0,0,Table14[[#This Row],[Interim Value]]) -> 0 | O15: =Table14[[#This Row],[Kitting Quantity]]*Table14[[#This Row],[TOTAL]] -> 0 | P15: HICOTRONICS | Q15: 60DAYS CREDIT | Z15: =N1 -> 0
A16: 11 | B16: CR18007 | C16: 1 | D16: F1 | E16: 1A, 250V | F16: (3.6mm*10mm) | H16: UCHI/PROTECTRON | I16: SAINI,PUNITH ELECTRONICS | J16: 2.5 | K16: =Table14[[#This Row],[Unit Cost]]*Table14[[#This Row],[Quantity]] -> 2.5 | L16: 0 | M16: =Table14[[#This Row],[Quantity]]*Z16-Table14[[#This Row],[STOCK]] -> 0 | N16: =IF(Table14[[#This Row],[Interim Value]]<0,0,Table14[[#This Row],[Interim Value]]) -> 0 | O16: =Table14[[#This Row],[Kitting Quantity]]*Table14[[#This Row],[TOTAL]] -> 0 | P16: SUN MICRO COMPONENTS | Q16: 60DAYS CREDIT | Z16: =N1 -> 0
A17: 12 | B17: IN08014 | C17: 2 | D17: L4,L8 | E17: 2.4mH(600mA) | F17: EE16 VERTICAL | G17: 5% | H17: METRONIX | I17: METRONIX | J17: 7.5 | K17: =Table14[[#This Row],[Unit Cost]]*Table14[[#This Row],[Quantity]] -> 15 | L17: 0 | M17: =Table14[[#This Row],[Quantity]]*Z17-Table14[[#This Row],[STOCK]] -> 0 | N17: =IF(Table14[[#This Row],[Interim Value]]<0,0,Table14[[#This Row],[Interim Value]]) -> 0 | O17: =Table14[[#This Row],[Kitting Quantity]]*Table14[[#This Row],[TOTAL]] -> 0 | P17: METRONIX | Q17: 90 DAYS CREDIT | Z17: =N1 -> 0
A18: 13 | B18: IN08002 | C18: 2 | D18: L5,L6, | E18: 1mH | F18: 5mm*10.5mm | H18: JMY | I18: JMY | J18: 0.9 | K18: =Table14[[#This Row],[Unit Cost]]*Table14[[#This Row],[Quantity]] -> 1.8 | L18: 24346 | M18: =Table14[[#This Row],[Quantity]]*Z18-Table14[[#This Row],[STOCK]] -> -24346 | N18: =IF(Table14[[#This Row],[Interim Value]]<0,0,Table14[[#This Row],[Interim Value]]) -> 0 | O18: =Table14[[#This Row],[Kitting Quantity]]*Table14[[#This Row],[TOTAL]] -> 0 | P18: JMY | Q18: IMMEDIATE | Z18: =N1 -> 0
A19: 14 | B19: IN08002 | C19: 2 | D19: L7(OVER LAP) | E19: 1mH | F19: 5mm*10.5mm | H19: JMY | I19: JMY | J19: 0.9 | K19: =Table14[[#This Row],[Unit Cost]]*Table14[[#This Row],[Quantity]] -> 1.8 | L19: 0 | M19: =Table14[[#This Row],[Quantity]]*Z19-Table14[[#This Row],[STOCK]] -> 0 | N19: =IF(Table14[[#This Row],[Interim Value]]<0,0,Table14[[#This Row],[Interim Value]]) -> 0 | O19: =Table14[[#This Row],[Kitting Quantity]]*Table14[[#This Row],[TOTAL]] -> 0 | P19: JMY | Q19: IMMEDIATE | Z19: =N1 -> 0
A20: 15 | B20: MOV11003 | C20: 1 | D20: MOV1 | E20: 14D471K | F20: 14mm | H20: EPCOS/UCHI/HEL | I20: HICOTRONICS,SAINI | J20: 3 | K20: =Table14[[#This Row],[Unit Cost]]*Table14[[#This Row],[Quantity]] -> 3 | L20: 0 | M20: =Table14[[#This Row],[Quantity]]*Z20-Table14[[#This Row],[STOCK]] -> 0 | N20: =IF(Table14[[#This Row],[Interim Value]]<0,0,Table14[[#This Row],[Interim Value]]) -> 0 | O20: =Table14[[#This Row],[Kitting Quantity]]*Table14[[#This Row],[TOTAL]] -> 0 | P20: SUN MICRO COMPONENTS | Q20: 60DAYS CREDIT | Z20: =N1 -> 0
A21: 16 | B21: MF02004 | C21: 1 | D21: Q1 | E21: H4N65 | F21: TO-252 | H21: FAIRCHILD ,HY ,SEM | I21: SAINI,SEM | J21: 11.9 | K21: =Table14[[#This Row],[Unit Cost]]*Table14[[#This Row],[Quantity]] -> 11.9 | L21: 0 | M21: =Table14[[#This Row],[Quantity]]*Z21-Table14[[#This Row],[STOCK]] -> 0 | N21: =IF(Table14[[#This Row],[Interim Value]]<0,0,Table14[[#This Row],[Interim Value]]) -> 0 | O21: =Table14[[#This Row],[Kitting Quantity]]*Table14[[#This Row],[TOTAL]] -> 0 | P21: SUN MICRO COMPONENTS | Q21: 60DAYS CREDIT | Z21: =N1 -> 0
A22: 17 | B22: RS01172 | C22: 1 | D22: R1 | E22: 0R | F22: R1206 | G22: 1% | H22: YAGEO,ROYALOHM ,UNIOHAM | I22: HICOTRONICS,GUJARAT POLY AVX,ELECTRONICA | J22: 0.05 | K22: =Table14[[#This Row],[Unit Cost]]*Table14[[#This Row],[Quantity]] -> 0.05 | L22: 0 | M22: =Table14[[#This Row],[Quantity]]*Z22-Table14[[#This Row],[STOCK]] -> 0 | N22: =IF(Table14[[#This Row],[Interim Value]]<0,0,Table14[[#This Row],[Interim Value]]) -> 0 | O22: =Table14[[#This Row],[Kitting Quantity]]*Table14[[#This Row],[TOTAL]] -> 0 | P22: HICOTRONICS | Q22: 60DAYS CREDIT | Z22: =N1 -> 0
A23: 18 | B23: RS01173 | C23: 1 | D23: R2 | E23: R680 | F23: R1206 | G23: 1% | H23: YAGEO,ROYALOHM ,UNIOHAM | I23: HICOTRONICS,GUJARAT POLY AVX,ELECTRONICA | J23: 0.5 | K23: =Table14[[#This Row],[Unit Cost]]*Table14[[#This Row],[Quantity]] -> 0.5 | L23: 0 | M23: =Table14[[#This Row],[Quantity]]*Z23-Table14[[#This Row],[STOCK]] -> 0 | N23: =IF(Table14[[#This Row],[Interim Value]]<0,0,Table14[[#This Row],[Interim Value]]) -> 0 | O23: =Table14[[#This Row],[Kitting Quantity]]*Table14[[#This Row],[TOTAL]] -> 0 | P23: HICOTRONICS | Q23: 60DAYS CREDIT | Z23: =N1 -> 0
A24: 19 | B24: RS01173 | C24: 1 | D24: R3 | E24: R680 | F24: R1206 | G24: 1% | H24: YAGEO,ROYALOHM ,UNIOHAM | I24: HICOTRONICS,GUJARAT POLY AVX,ELECTRONICA | J24: 0.5 | K24: =Table14[[#This Row],[Unit Cost]]*Table14[[#This Row],[Quantity]] -> 0.5 | L24: 0 | M24: =Table14[[#This Row],[Quantity]]*Z24-Table14[[#This Row],[STOCK]] -> 0 | N24: =IF(Table14[[#This Row],[Interim Value]]<0,0,Table14[[#This Row],[Interim Value]]) -> 0 | O24: =Table14[[#This Row],[Kitting Quantity]]*Table14[[#This Row],[TOTAL]] -> 0 | P24: HICOTRONICS | Q24: 60DAYS CREDIT | Z24: =N1 -> 0
A25: 20 | B25: RS01174 | C25: 1 | D25: R4 | E25: 50K | F25: R1206 | G25: 1% | H25: YAGEO,ROYALOHM ,UNIOHAM | I25: HICOTRONICS,GUJARAT POLY AVX,ELECTRONICA | J25: 0.05 | K25: =Table14[[#This Row],[Unit Cost]]*Table14[[#This Row],[Quantity]] -> 0.05 | L25: 0 | M25: =Table14[[#This Row],[Quantity]]*Z25-Table14[[#This Row],[STOCK]] -> 0 | N25: =IF(Table14[[#This Row],[Interim Value]]<0,0,Table14[[#This Row],[Interim Value]]) -> 0 | O25: =Table14[[#This Row],[Kitting Quantity]]*Table14[[#This Row],[TOTAL]] -> 0 | P25: HICOTRONICS | Q25: 60DAYS CREDIT | Z25: =N1 -> 0
A26: 21 | C26: 1 | D26: R5 | E26: NC | F26: R0603 | H26: YAGEO,ROYALOHM ,UNIOHAM | I26: HICOTRONICS,GUJARAT POLY AVX,ELECTRONICA | J26: 0 | K26: =Table14[[#This Row],[Unit Cost]]*Table14[[#This Row],[Quantity]] -> 0 | L26: 0 | M26: =Table14[[#This Row],[Quantity]]*Z26-Table14[[#This Row],[STOCK]] -> 0 | N26: =IF(Table14[[#This Row],[Interim Value]]<0,0,Table14[[#This Row],[Interim Value]]) -> 0 | O26: =Table14[[#This Row],[Kitting Quantity]]*Table14[[#This Row],[TOTAL]] -> 0 | P26: HICOTRONICS | Q26: 60DAYS CREDIT | Z26: =N1 -> 0
A27: 22 | B27: RS01110 | C27: 1 | D27: R6 | E27: 100K | F27: R1206 | G27: 1% | H27: YAGEO,ROYALOHM ,UNIOHAM | I27: HICOTRONICS,GUJARAT POLY AVX,ELECTRONICA | J27: 0.05 | K27: =Table14[[#This Row],[Unit Cost]]*Table14[[#This Row],[Quantity]] -> 0.05 | L27: 0 | M27: =Table14[[#This Row],[Quantity]]*Z27-Table14[[#This Row],[STOCK]] -> 0 | N27: =IF(Table14[[#This Row],[Interim Value]]<0,0,Table14[[#This Row],[Interim Value]]) -> 0 | O27: =Table14[[#This Row],[Kitting Quantity]]*Table14[[#This Row],[TOTAL]] -> 0 | P27: HICOTRONICS | Q27: 60DAYS CREDIT | Z27: =N1 -> 0
A28: 23 | B28: RS01175 | C28: 1 | D28: R7 | E28: 510K | F28: R1206 | G28: 1% | H28: YAGEO,ROYALOHM ,UNIOHAM | I28: HICOTRONICS,GUJARAT POLY AVX,ELECTRONICA | J28: 0.05 | K28: =Table14[[#This Row],[Unit Cost]]*Table14[[#This Row],[Quantity]] -> 0.05 | L28: 0 | M28: =Table14[[#This Row],[Quantity]]*Z28-Table14[[#This Row],[STOCK]] -> 0 | N28: =IF(Table14[[#This Row],[Interim Value]]<0,0,Table14[[#This Row],[Interim Value]]) -> 0 | O28: =Table14[[#This Row],[Kitting Quantity]]*Table14[[#This Row],[TOTAL]] -> 0 | P28: HICOTRONICS | Q28: 60DAYS CREDIT | Z28: =N1 -> 0
A29: 24 | B29: RS01176 | C29: 1 | D29: R8 | E29: 10E | F29: R1206 | G29: 1% | H29: YAGEO,ROYALOHM ,UNIOHAM | I29: HICOTRONICS,GUJARAT POLY AVX,ELECTRONICA | J29: 0.05 | K29: =Table14[[#This Row],[Unit Cost]]*Table14[[#This Row],[Quantity]] -> 0.05 | L29: 0 | M29: =Table14[[#This Row],[Quantity]]*Z29-Table14[[#This Row],[STOCK]] -> 0 | N29: =IF(Table14[[#This Row],[Interim Value]]<0,0,Table14[[#This Row],[Interim Value]]) -> 0 | O29: =Table14[[#This Row],[Kitting Quantity]]*Table14[[#This Row],[TOTAL]] -> 0 | P29: HICOTRONICS | Q29: 60DAYS CREDIT | Z29: =N1 -> 0
A30: 25 | B30: RS01177 | C30: 1 | D30: R10 | E30: 174KE | F30: R1206 | G30: 5% | H30: YAGEO,ROYALOHM ,UNIOHAM | I30: HICOTRONICS,GUJARAT POLY AVX,ELECTRONICA | J30: 0.05 | K30: =Table14[[#This Row],[Unit Cost]]*Table14[[#This Row],[Quantity]] -> 0.05 | L30: 0 | M30: =Table14[[#This Row],[Quantity]]*Z30-Table14[[#This Row],[STOCK]] -> 0 | N30: =IF(Table14[[#This Row],[Interim Value]]<0,0,Table14[[#This Row],[Interim Value]]) -> 0 | O30: =Table14[[#This Row],[Kitting Quantity]]*Table14[[#This Row],[TOTAL]] -> 0 | P30: HICOTRONICS | Q30: 60DAYS CREDIT | Z30: =N1 -> 0
A31: 26 | B31: RS01095 | C31: 1 | D31: R11 | E31: 1K | F31: R0603 | G31: NC | H31: YAGEO,ROYALOHM ,UNIOHAM | I31: HICOTRONICS,GUJARAT POLY AVX,ELECTRONICA | J31: 0.05 | K31: =Table14[[#This Row],[Unit Cost]]*Table14[[#This Row],[Quantity]] -> 0.05 | L31: 0 | M31: =Table14[[#This Row],[Quantity]]*Z31-Table14[[#This Row],[STOCK]] -> 0 | N31: =IF(Table14[[#This Row],[Interim Value]]<0,0,Table14[[#This Row],[Interim Value]]) -> 0 | O31: =Table14[[#This Row],[Kitting Quantity]]*Table14[[#This Row],[TOTAL]] -> 0 | P31: HICOTRONICS | Q31: 60DAYS CREDIT | Z31: =N1 -> 0
A32: 27 | B32: RS01178 | C32: 1 | D32: R12 | E32: 430E | F32: R1206 | G32: 5% | H32: YAGEO,ROYALOHM ,UNIOHAM | I32: HICOTRONICS,GUJARAT POLY AVX,ELECTRONICA | J32: 0.05 | K32: =Table14[[#This Row],[Unit Cost]]*Table14[[#This Row],[Quantity]] -> 0.05 | L32: 0 | M32: =Table14[[#This Row],[Quantity]]*Z32-Table14[[#This Row],[STOCK]] -> 0 | N32: =IF(Table14[[#This Row],[Interim Value]]<0,0,Table14[[#This Row],[Interim Value]]) -> 0 | O32: =Table14[[#This Row],[Kitting Quantity]]*Table14[[#This Row],[TOTAL]] -> 0 | P32: HICOTRONICS | Q32: 60DAYS CREDIT | Z32: =N1 -> 0
A33: 28 | B33: DE05014 | C33: 1 | D33: POT1 | E33: 10K | F33: TRIMMER | G33: 5% | H33: YAGEO,ROYALOHM ,UNIOHAM | I33: HICOTRONICS,GUJARAT POLY AVX,ELECTRONICA | J33: 1.6 | K33: =Table14[[#This Row],[Unit Cost]]*Table14[[#This Row],[Quantity]] -> 1.6 | L33: 0 | M33: =Table14[[#This Row],[Quantity]]*Z33-Table14[[#This Row],[STOCK]] -> 0 | N33: =IF(Table14[[#This Row],[Interim Value]]<0,0,Table14[[#This Row],[Interim Value]]) -> 0 | O33: =Table14[[#This Row],[Kitting Quantity]]*Table14[[#This Row],[TOTAL]] -> 0 | P33: HICOTRONICS | Q33: 60DAYS CREDIT | Z33: =N1 -> 0
A34: 29 | B34: RS01179 | C34: 1 | D34: R14 | E34: 1E | F34: 1/2W AXIAL | G34: 5% | H34: AVX,YAGEO | J34: 1 | K34: =Table14[[#This Row],[Unit Cost]]*Table14[[#This Row],[Quantity]] -> 1 | L34: 0 | M34: =Table14[[#This Row],[Quantity]]*Z34-Table14[[#This Row],[STOCK]] -> 0 | N34: =IF(Table14[[#This Row],[Interim Value]]<0,0,Table14[[#This Row],[Interim Value]]) -> 0 | O34: =Table14[[#This Row],[Kitting Quantity]]*Table14[[#This Row],[TOTAL]] -> 0 | P34: JMY | Q34: IMMEDIATE | Z34: =N1 -> 0
A35: 30 | B35: THM11010 | C35: 1 | D35: RT1 | E35: NTC | F35: RES_2W | J35: 2 | K35: =Table14[[#This Row],[Unit Cost]]*Table14[[#This Row],[Quantity]] -> 2 | L35: 0 | M35: =Table14[[#This Row],[Quantity]]*Z35-Table14[[#This Row],[STOCK]] -> 0 | N35: =IF(Table14[[#This Row],[Interim Value]]<0,0,Table14[[#This Row],[Interim Value]]) -> 0 | O35: =Table14[[#This Row],[Kitting Quantity]]*Table14[[#This Row],[TOTAL]] -> 0 | Q35: IMMEDIATE | Z35: =N1 -> 0
A36: 31 | B36: IC15001 | C36: 1 | D36: U1 | E36: SM3300 | F36: SO8 | H36: SEMTRONICS | I36: SEMTRONICS | J36: 15 | K36: =Table14[[#This Row],[Unit Cost]]*Table14[[#This Row],[Quantity]] -> 15 | L36: 0 | M36: =Table14[[#This Row],[Quantity]]*Z36-Table14[[#This Row],[STOCK]] -> 0 | N36: =IF(Table14[[#This Row],[Interim Value]]<0,0,Table14[[#This Row],[Interim Value]]) -> 0 | O36: =Table14[[#This Row],[Kitting Quantity]]*Table14[[#This Row],[TOTAL]] -> 0 | P36: SEM | Q36: IMMEDIATE | Z36: =N1 -> 0
A37: 32 | B37: PCB09073 | C37: 1 | D37: VER TL 5.13 | E37: PCB | F37: (18mm*299mm) | H37: UNIVERSAL CIRCUTS | I37: UNIVERSAL CIRCUTS | J37: 24 | K37: =Table14[[#This Row],[Unit Cost]]*Table14[[#This Row],[Quantity]] -> 24 | L37: 0 | M37: =Table14[[#This Row],[Quantity]]*Z37-Table14[[#This Row],[STOCK]] -> 0 | N37: =IF(Table14[[#This Row],[Interim Value]]<0,0,Table14[[#This Row],[Interim Value]]) -> 0 | O37: =Table14[[#This Row],[Kitting Quantity]]*Table14[[#This Row],[TOTAL]] -> 0 | P37: UNIVERSAL CIRCUTS | Q37: 60DAYS | Z37: =N1 -> 0
A38: 33 | C38: 1 | F38: EMS COST | H38: FLIP CHIP | J38: 13 | K38: =Table14[[#This Row],[Unit Cost]]*Table14[[#This Row],[Quantity]] -> 13 | L38: 0 | M38: =Table14[[#This Row],[Quantity]]*Z38-Table14[[#This Row],[STOCK]] -> 0 | N38: =IF(Table14[[#This Row],[Interim Value]]<0,0,Table14[[#This Row],[Interim Value]]) -> 0 | O38: =Table14[[#This Row],[Kitting Quantity]]*Table14[[#This Row],[TOTAL]] -> 0 | P38: FLIP CHIP | Q38: 60DAYS | Z38: =N1 -> 0
A39: 34 | B39: EQ10069 | C39: 1 | F39: BAR CODE STICKER | J39: 0.3 | K39: =Table14[[#This Row],[Unit Cost]]*Table14[[#This Row],[Quantity]] -> 0.3 | L39: 0 | M39: =Table14[[#This Row],[Quantity]]*Z39-Table14[[#This Row],[STOCK]] -> 0 | N39: =IF(Table14[[#This Row],[Interim Value]]<0,0,Table14[[#This Row],[Interim Value]]) -> 0 | O39: =Table14[[#This Row],[Kitting Quantity]]*Table14[[#This Row],[TOTAL]] -> 0 | Q39: IMMEDIATE | Z39: =N1 -> 0
F40: TOTAL COST | J40: =SUM(J6:J39) -> 101.8 | K40: 0 | O40: =Table14[[#This Row],[Kitting Quantity]]*Table14[[#This Row],[TOTAL]] -> 0 | Z40: =N1 -> 0
A41: Total Electronics Cost | K41: =SUM(K6:K39) -> 116.8 | O41: =SUM(O6:O39) -> 0
B44: T/T | C44: =K39+K36+K35+K34+K19+K18 -> 21.9 | E44: T/T | F44: =O39+O36+O35+O34+O19+O18 -> 0
B45: 7 Days | C45: 0 | E45: 7 Days | F45: 0
B46: 15 Days | C46: 0 | E46: 15 Days | F46: 0
B47: 30 Days | C47: 0 | E47: 30 Days | F47: 0
B48: 60 Days | C48: =K38+K37+K33+K32+K31+K30+K29+K28+K27+K26+K25+K24+K23+K22+K21+K20+K16+K15+K14+K13+K12+K11+K10+K9+K8+K7+K6 -> 79.9 | E48: 60 Days | F48: =O38+O37+O33+O32+O31+O30+O29+O28+O27+O26+O25+O24+O23+O22+O21+O20+O16+O15+O14+O13+O12+O11+O10+O9+O8+O7+O6 -> 0
B49: 90 Days | C49: =K17 -> 15 | E49: 90 Days | F49: =O17 -> 0
C50: =SUM(C44:C49) -> 116.8 | F50: =SUM(F44:F49) -> 0

Sheet 1-5W300mA
A1: Product Code | C1: DR13089 | I1: Kitting Quantity | L1: ='Detail-Planner'!E8 -> 11000
A2: 1-5W 300mA
A4: Item Number | B4: Quantity | C4: Raw Material Code | D4: Value | E4: Part Reference | F4: DISCRIPTION | G4: MAKE | H4: UNIT COST | I4: TOTAL | J4: STOCK | K4: Interim Value | L4: Kitting Quantity | M4: PRICE | N4: VENDORE NAME | O4: LEAD TIME
A5: 1 | B5: 1 | C5: CP04059 | D5: 4.7uF/450V (105 C) | E5: C1 | F5: (10*15) | G5: BERYL/JAYE/KOSHIN | H5: 2.7 | I5: 2.7 | J5: 0 | K5: =B5*Z5-J5 -> 11000 | L5: =IF(K5<0,0,K5) -> 11000 | M5: =L5*I5 -> 29700 | N5: SUNMICRO COMPONENTS | O5: 1-2 WEEK | Z5: =L1 -> 11000
A6: 2 | B6: 1 | C6: CP04062 | D6: 680nF/50V | E6: C2 | F6: C0805 | G6: YAGEO/AVX | H6: 1.95 | I6: =H6*B6 -> 1.95 | J6: 0 | K6: =B6*Z6-J6 -> 11000 | L6: =IF(K6<0,0,K6) -> 11000 | M6: =L6*I6 -> 21450 | N6: HICOTRONICS | O6: 1 WEEK | Z6: =L1 -> 11000
A7: 3 | B7: 1 | C7: DE05001 | D7: B10S | E7: DB1 | F7: TO-269AA | G7: DIODE/MIC/ONSEMI | H7: 2.6 | I7: =H7*B7 -> 2.6 | J7: 0 | K7: =B7*Z7-J7 -> 11000 | L7: =IF(K7<0,0,K7) -> 11000 | M7: =L7*I7 -> 28600 | N7: HICOTRONICS | O7: STOCK | Z7: =L1 -> 11000
A8: 4 | B8: 1 | C8: DE05025 | D8: US1D | E8: D1 | F8: SMA | G8: DIODE/MIC/ONSEMI | H8: 2.2 | I8: 2.2 | J8: 0 | K8: =B8*Z8-J8 -> 11000 | L8: =IF(K8<0,0,K8) -> 11000 | M8: =L8*I8 -> 24200 | N8: HICOTRONICS | O8: 1 WEEK | Z8: =L1 -> 11000
A9: 5 | B9: 1 | C9: RS01191 | D9: 1M | E9: R1 | F9: R1206 | G9: YAGEO/ROYAL OHM | H9: 0.1 | I9: =H9*B9 -> 0.1 | J9: 0 | K9: =B9*Z9-J9 -> 11000 | L9: =IF(K9<0,0,K9) -> 11000 | M9: =L9*I9 -> 1100 | N9: HICOTRONICS | O9: STOCK | Z9: =L1 -> 11000
A10: 6 | B10: 1 | C10: RS01186 | D10: 1.6E | E10: R2 | F10: R0805 | G10: YAGEO/ROYAL OHM | H10: 0.2 | I10: =H10*B10 -> 0.2 | J10: 0 | K10: =B10*Z10-J10 -> 11000 | L10: =IF(K10<0,0,K10) -> 11000 | M10: =L10*I10 -> 2200 | N10: HICOTRONICS | O10: 1 WEEK | Z10: =L1 -> 11000
A11: 7 | B11: 1 | C11: RS01188 | D11: 68E | E11: R3 | F11: R0805 | G11: YAGEO/ROYAL OHM | H11: 0.06 | I11: =H11*B11 -> 0.06 | J11: 0 | K11: =B11*Z11-J11 -> 11000 | L11: =IF(K11<0,0,K11) -> 11000 | M11: =L11*I11 -> 660 | N11: HICOTRONICS | O11: 1 WEEK | Z11: =L1 -> 11000
A12: 8 | B12: 1 | C12: RS01192 | D12: 20K | E12: R4 | F12: R0805 | G12: YAGEO/ROYAL OHM | H12: 0.06 | I12: =H12*B12 -> 0.06 | J12: 0 | K12: =B12*Z12-J12 -> 11000 | L12: =IF(K12<0,0,K12) -> 11000 | M12: =L12*I12 -> 660 | N12: HICOTRONICS | O12: STOCK | Z12: =L1 -> 11000
A13: 9 | B13: 1 | C13: IN08021 | D13: EE13 H | E13: T1 | H13: 9 | I13: =H13*B13 -> 9 | J13: 0 | K13: =B13*Z13-J13 -> 11000 | L13: =IF(K13<0,0,K13) -> 11000 | M13: =L13*I13 -> 99000 | N13: METRONIX | O13: 1-2 WEEK | Z13: =L1 -> 11000
A14: 10 | B14: 1 | C14: IC15016 | D14: SM2601A | E14: U1 | H14: 12.5 | I14: =H14*B14 -> 12.5 | J14: 0 | K14: =B14*Z14-J14 -> 11000 | L14: =IF(K14<0,0,K14) -> 11000 | M14: =L14*I14 -> 137500 | N14: SEM | O14: STOCK | Z14: =L1 -> 11000
A15: 11 | B15: 1 | C15: CP04015 | D15: 100uF/25V (105C) | E15: V-C2 | F15: 6.3x11.2mm LS2.5mm | G15: BERYL/JAYE/KOSHIN | H15: 0.75 | I15: =H15*B15 -> 0.75 | J15: 0 | K15: =B15*Z15-J15 -> 11000 | L15: =IF(K15<0,0,K15) -> 11000 | M15: =L15*I15 -> 8250 | N15: SUNMICRO COMPONENTS | O15: 1-2 WEEK | Z15: =L1 -> 11000
A16: 12 | B16: 1 | C16: PCB09080 | D16: PCB EE13 | H16: 1.5 | I16: =H16*B16 -> 1.5 | J16: 0 | K16: =B16*Z16-J16 -> 11000 | L16: =IF(K16<0,0,K16) -> 11000 | M16: =L16*I16 -> 16500 | N16: UNIVERSAL CIRCUTS | O16: 1-2 WEEK | Z16: =L1 -> 11000
A17: 13 | B17: 1 | C17: MOV11006 | D17: 7D471K(300/7) | E17: L,N | F17: 10 MM | G17: EPCOS | H17: 1.4 | I17: =H17*B17 -> 1.4 | J17: 0 | K17: =B17*Z17-J17 -> 11000 | L17: =IF(K17<0,0,K17) -> 11000 | M17: =L17*I17 -> 15400 | Z17: =L1 -> 11000
A18: 14 | B18: 1 | C18: ES07042 | D18: SMALL SIZE PLASTIC BOX 3 WATT | G18: VANCH | H18: 6 | I18: =H18*B18 -> 6 | J18: 0 | K18: =B18*Z18-J18 -> 11000 | L18: =IF(K18<0,0,K18) -> 11000 | M18: =L18*I18 -> 66000 | N18: VANCH | Z18: =L1 -> 11000
A19: 15 | B19: 3 | C19: WR12002 | D19: 3 INCH PVC WIRE RED | E19: V+,L,N | F19: 2.5 INCH | G19: PVC | H19: 0.3 | I19: =H19*B19 -> 0.9 | J19: 0 | K19: =B19*Z19-J19 -> 33000 | L19: =IF(K19<0,0,K19) -> 33000 | M19: =L19*I19 -> 29700 | N19: MAHAVEER | Z19: =L1 -> 11000
A20: 16 | B20: 1 | C20: WR12001 | D20: 3 INCH PVC WIRE BLACK | E20: V- | F20: 2.5 INCH | G20: PVC | H20: 0.3 | I20: =H20*B20 -> 0.3 | J20: 0 | K20: =B20*Z20-J20 -> 11000 | L20: =IF(K20<0,0,K20) -> 11000 | M20: =L20*I20 -> 3300 | N20: MAHAVEER | Z20: =L1 -> 11000
A21: 17 | B21: 1 | C21: EQ10070 | D21: LABLE STICKER | H21: 1.25 | I21: =H21*B21 -> 1.25 | J21: 0 | K21: =B21*Z21-J21 -> 11000 | L21: =IF(K21<0,0,K21) -> 11000 | M21: =L21*I21 -> 13750 | Z21: =L1 -> 11000
A22: 18 | B22: 1 | C22: EQ10069 | D22: BAR CODE STICKER | H22: 0.3 | I22: =H22*B22 -> 0.3 | J22: 0 | K22: =B22*Z22-J22 -> 11000 | L22: =IF(K22<0,0,K22) -> 11000 | M22: =L22*I22 -> 3300 | Z22: =L1 -> 11000
A23: 19 | B23: 1 | D23: EMS COST | H23: 5 | I23: 5 | J23: 0 | K23: =B23*Z23-J23 -> 11000 | L23: =IF(K23<0,0,K23) -> 11000 | M23: =L23*I23 -> 55000 | N23: FLIP CHIP | Z23: =L1 -> 11000
G24: TOTAL | I24: =SUM(I5:I23) -> 48.77 | M24: =SUM(M5:M23) -> 556270
C26: T/T | D26: =I22+I21+I14 -> 14.05 | F26: T/T | G26: =M22+M21+M14 -> 154550
C27: 7 Days | F27: 7 Days | G27: 0
C28: 15 Days | D28: =I18 -> 6 | F28: 15 Days | G28: =M18 -> 66000
C29: 30 Days | D29: =I20+I19 -> 1.2 | F29: 30 Days | G29: =M20+M19 -> 33000
C30: 60 Days | D30: =I23+I17+I16+I15+I12+I11+I10+I9+I8+I7+I6+I5 -> 18.52 | F30: 60 Days | G30: =M23+M17+M16+M15+M12+M11+M10+M9+M8+M7+M6+M5 -> 203720
C31: 90 Days | D31: =I13 -> 9 | F31: 90 Days | G31: =M13 -> 99000
D32: =SUM(D26:D31) -> 48.77 | G32: =SUM(G26:G31) -> 556270

Sheet 1-5W350mA
A1: Product Code | C1: DR13091 | I1: Kitting Quantity | L1: ='Detail-Planner'!E9 -> 0
A2: 1-5W 350mA
A4: Item Number | B4: Quantity | C4: Raw Material Code | D4: Value | E4: Part Reference | F4: DISCRIPTION | G4: MAKE | H4: UNIT COST | I4: TOTAL | J4: STOCK | K4: Interim Value | L4: Kitting Quantity | M4: PRICE | N4: VENDORE NAME | O4: LEAD TIME | P4: shortage for 5k kit | Q4: TOTAL COST
A5: 1 | B5: 1 | C5: CP04059 | D5: 4.7uF/450V (105 C) | E5: C1 | F5: (10*15) | G5: BERYL/JAYE/KOSHIN | H5: 2.7 | I5: =H5*B5 -> 2.7 | J5: 0 | K5: =B5*Z5-J5 -> 0 | L5: =IF(K5<0,0,K5) -> 0 | M5: =L5*I5 -> 0 | N5: SUNMICRO COMPONENTS | O5: 1-2 WEEK | Z5: =L1 -> 0
A6: 2 | B6: 1 | C6: CP04062 | D6: 680nF/50V | E6: C2 | F6: C0805 | G6: YAGEO/AVX | H6: 1.95 | I6: =H6*B6 -> 1.95 | J6: 0 | K6: =B6*Z6-J6 -> 0 | L6: =IF(K6<0,0,K6) -> 0 | M6: =L6*I6 -> 0 | N6: HICOTRONICS | O6: 1 WEEK | Z6: =L1 -> 0
A7: 3 | B7: 1 | C7: DE05001 | D7: B10S | E7: DB1 | F7: TO-269AA | G7: DIODE/MIC/ONSEMI | H7: 2.6 | I7: =H7*B7 -> 2.6 | J7: 0 | K7: =B7*Z7-J7 -> 0 | L7: =IF(K7<0,0,K7) -> 0 | M7: =L7*I7 -> 0 | N7: HICOTRONICS | O7: STOCK | Z7: =L1 -> 0
A8: 4 | B8: 1 | C8: DE05025 | D8: US1D | E8: D1 | F8: SMA | G8: DIODE/MIC/ONSEMI | H8: 2.2 | I8: =H8*B8 -> 2.2 | J8: 0 | K8: =B8*Z8-J8 -> 0 | L8: =IF(K8<0,0,K8) -> 0 | M8: =L8*I8 -> 0 | N8: HICOTRONICS | O8: 1 WEEK | Z8: =L1 -> 0
A9: 5 | B9: 1 | C9: RS01191 | D9: 1M | E9: R1 | F9: R1206 | G9: YAGEO/ROYAL OHM | H9: 0.08 | I9: =H9*B9 -> 0.08 | J9: 0 | K9: =B9*Z9-J9 -> 0 | L9: =IF(K9<0,0,K9) -> 0 | M9: =L9*I9 -> 0 | N9: HICOTRONICS | O9: STOCK | Z9: =L1 -> 0
A10: 6 | B10: 1 | C10: RS01193 | D10: 12E | E10: R2 | F10: R0805 | G10: YAGEO/ROYAL OHM | H10: 0.08 | I10: =H10*B10 -> 0.08 | J10: 0 | K10: =B10*Z10-J10 -> 0 | L10: =IF(K10<0,0,K10) -> 0 | M10: =L10*I10 -> 0 | N10: HICOTRONICS | O10: 1 WEEK | Z10: =L1 -> 0
A11: 7 | B11: 1 | C11: RS01185 | D11: 1R69 | E11: R3 | F11: R0805 | G11: YAGEO/ROYAL OHM | H11: 0.2 | I11: =H11*B11 -> 0.2 | J11: 0 | K11: =B11*Z11-J11 -> 0 | L11: =IF(K11<0,0,K11) -> 0 | M11: =L11*I11 -> 0 | N11: HICOTRONICS | O11: 1 WEEK | Z11: =L1 -> 0
A12: 8 | B12: 1 | C12: RS01192 | D12: 20K | E12: R4 | F12: R0805 | G12: YAGEO/ROYAL OHM | H12: 0.06 | I12: =H12*B12 -> 0.06 | J12: 0 | K12: =B12*Z12-J12 -> 0 | L12: =IF(K12<0,0,K12) -> 0 | M12: =L12*I12 -> 0 | N12: HICOTRONICS | O12: STOCK | Z12: =L1 -> 0
A13: 9 | B13: 1 | C13: IN08021 | D13: EE13 H | E13: T1 | H13: 9 | I13: =H13*B13 -> 9 | J13: 0 | K13: =B13*Z13-J13 -> 0 | L13: =IF(K13<0,0,K13) -> 0 | M13: =L13*I13 -> 0 | N13: METRONIX | O13: 1-2 WEEK | R13: 90 DAYS | Z13: =L1 -> 0
A14: 10 | B14: 1 | C14: IC15016 | D14: SM2601A | E14: U1 | H14: 12.5 | I14: =H14*B14 -> 12.5 | J14: 0 | K14: =B14*Z14-J14 -> 0 | L14: =IF(K14<0,0,K14) -> 0 | M14: =L14*I14 -> 0 | N14: SEM | O14: STOCK | Z14: =L1 -> 0
A15: 11 | B15: 1 | C15: CP04015 | D15: 100uF/25V (105C) | E15: V-C2 | F15: 6.3x11.2mm LS2.5mm | G15: BERYL/JAYE/KOSHIN | H15: 0.75 | I15: =H15*B15 -> 0.75 | J15: 0 | K15: =B15*Z15-J15 -> 0 | L15: =IF(K15<0,0,K15) -> 0 | M15: =L15*I15 -> 0 | N15: SUNMICRO COMPONENTS | O15: 1-2 WEEK | R15: 60DAYS | Z15: =L1 -> 0
A16: 12 | B16: 1 | C16: PCB09080 | D16: PCB EE13 | H16: 1.5 | I16: =H16*B16 -> 1.5 | J16: 0 | K16: =B16*Z16-J16 -> 0 | L16: =IF(K16<0,0,K16) -> 0 | M16: =L16*I16 -> 0 | N16: UNIVERSAL CIRCUTS | O16: 1-2 WEEK | R16: 60DAYS | Z16: =L1 -> 0
A17: 13 | B17: 1 | C17: MOV11006 | D17: 7D471K(300/7) | E17: L,N | F17: 10 MM | G17: EPCOS | H17: 1.4 | I17: =H17*B17 -> 1.4 | J17: 0 | K17: =B17*Z17-J17 -> 0 | L17: =IF(K17<0,0,K17) -> 0 | M17: =L17*I17 -> 0 | Z17: =L1 -> 0
A18: 14 | B18: 1 | C18: ES07042 | D18: SMALL SIZE PLASTIC BOX 3 WATT | G18: VANCH | H18: 6 | I18: =H18*B18 -> 6 | J18: 0 | K18: =B18*Z18-J18 -> 0 | L18: =IF(K18<0,0,K18) -> 0 | M18: =L18*I18 -> 0 | N18: VANCH | Z18: =L1 -> 0
A19: 15 | B19: 3 | C19: WR12002 | D19: 3 INCH PVC WIRE RED | E19: V+,L,N | F19: 2.5 INCH | G19: PVC | H19: 0.3 | I19: =H19*B19 -> 0.9 | J19: 0 | K19: =B19*Z19-J19 -> 0 | L19: =IF(K19<0,0,K19) -> 0 | M19: =L19*I19 -> 0 | N19: MAHAVEER | Z19: =L1 -> 0
A20: 16 | B20: 1 | C20: WR12001 | D20: 3 INCH PVC WIRE BLACK | E20: V- | F20: 2.5 INCH | G20: PVC | H20: 0.3 | I20: =H20*B20 -> 0.3 | J20: 0 | K20: =B20*Z20-J20 -> 0 | L20: =IF(K20<0,0,K20) -> 0 | M20: =L20*I20 -> 0 | N20: MAHAVEER | Z20: =L1 -> 0
A21: 17 | B21: 1 | C21: EQ10070 | D21: LABLE STICKER | H21: 1.25 | I21: =H21*B21 -> 1.25 | J21: 0 | K21: =B21*Z21-J21 -> 0 | L21: =IF(K21<0,0,K21) -> 0 | M21: =L21*I21 -> 0 | Z21: =L1 -> 0
A22: 18 | B22: 1 | C22: EQ10069 | D22: BAR CODE STICKER | H22: 0.3 | I22: =H22*B22 -> 0.3 | J22: 0 | K22: =B22*Z22-J22 -> 0 | L22: =IF(K22<0,0,K22) -> 0 | M22: =L22*I22 -> 0 | Z22: =L1 -> 0
A23: 19 | B23: 1 | D23: EMS COST | H23: 5 | I23: =H23*B23 -> 5 | J23: 0 | K23: =B23*Z23-J23 -> 0 | L23: =IF(K23<0,0,K23) -> 0 | M23: =L23*I23 -> 0 | N23: FLIP CHIP | Z23: =L1 -> 0
H24: TOTAL | I24: =SUM(I5:I23) -> 48.77 | M24: =SUM(M5:M23) -> 0
C28: T/T | D28: =I22+I21+I14 -> 14.05 | F28: T/T | G28: =M22+M21+M14 -> 0
C29: 7 Days | D29: 0 | F29: 7 Days | G29: 0
C30: 15 Days | D30: =I18 -> 6 | F30: 15 Days | G30: =M18 -> 0
C31: 30 Days | D31: =I19+I20 -> 1.2 | F31: 30 Days | G31: =M19+M20 -> 0
C32: 60 Days | D32: =I5+I6+I7+I8+I9+I10+I11+I12+I15+I16+I17+I23 -> 18.52 | F32: 60 Days | G32: =M5+M6+M7+M8+M9+M10+M11+M12+M15+M16+M17+M23 -> 0
C33: 90 Days | D33: =I13 -> 9 | F33: 90 Days | G33: =M13 -> 0
D34: =SUM(D28:D33) -> 48.77 | G34: =SUM(G28:G33) -> 0

Sheet 5-9W350mA
A1: Product Code | C1: DR13092 | E1: F-5W 350mA (5-9W) Driver BOM list (9W Nichia Leds Load Sqr and Round ) | N1: Kitting Quantity | Q1: ='Detail-Planner'!E10 -> 1000
A3: Product Description - 5-9 WATT 350mA
A5: Item | B5: Raw Material Code | C5: Quantity | D5: Reference | E5: Part | F5: Package | G5: Tolerence | H5: Make | I5: Vendor | J5: Unit Cost | K5: Total | L5: STOCK | M5: Interim Value | N5: Kitting Quantity | O5: PRICE | P5: SUPPLIER NAME | Q5: PAYMENT TERMS | R5: shortage for 5k kit | S5: TOTAL COST
A6: 1 | B6: DE05008 | C6: 4 | D6: D1,D2,D3,D4 | E6: 1N4007 | F6: DO-41 | G6: 0.1 | H6: DIODE/HY/VISHAY | I6: HICOTRONICS | J6: 0.35 | K6: =Table14678[[#This Row],[Unit Cost]]*Table14678[[#This Row],[Quantity]] -> 1.4 | L6: 0 | M6: =Table14678[[#This Row],[Quantity]]*AB6-Table14678[[#This Row],[STOCK]] -> 4000 | N6: =IF(Table14678[[#This Row],[Interim Value]]<0,0,Table14678[[#This Row],[Interim Value]]) -> 4000 | O6: =Table14678[[#This Row],[Kitting Quantity]]*Table14678[[#This Row],[Total]] -> 5600 | P6: HICOTRONICS | Q6: 60 DAYS CREDIT | R6: 0 | S6: =Table14678[[#This Row],[shortage for 5k kit]]*Table14678[[#This Row],[Total]] -> 0 | AB6: =Q1 -> 1000
A7: 2 | B7: CP04043 | C7: 2 | D7: C2,C10 | E7: 0.1uF 275V AC | F7: X2 BOX CAP (10mm pitch) | G7: 0.05 | H7: EPCOS | I7: HICOTRONICS | J7: 2.75 | K7: =Table14678[[#This Row],[Unit Cost]]*Table14678[[#This Row],[Quantity]] -> 5.5 | L7: 0 | M7: =Table14678[[#This Row],[Quantity]]*AB7-Table14678[[#This Row],[STOCK]] -> 2000 | N7: =IF(Table14678[[#This Row],[Interim Value]]<0,0,Table14678[[#This Row],[Interim Value]]) -> 2000 | O7: =Table14678[[#This Row],[Kitting Quantity]]*Table14678[[#This Row],[Total]] -> 11000 | P7: HICOTRONICS | Q7: 60 DAYS CREDIT | R7: 0 | S7: =Table14678[[#This Row],[shortage for 5k kit]]*Table14678[[#This Row],[Total]] -> 0 | AB7: =Q1 -> 1000
A8: 3 | B8: CP04007 | C8: 1 | D8: C3 | E8: 103/1KVA | F8: DISC 5mm pitch | G8: 0.05 | H8: YAGEO,AVX,WALSIN | I8: SUNMICRO COMPONENTS | J8: 0.6 | K8: =Table14678[[#This Row],[Unit Cost]]*Table14678[[#This Row],[Quantity]] -> 0.6 | L8: 0 | M8: =Table14678[[#This Row],[Quantity]]*AB8-Table14678[[#This Row],[STOCK]] -> 1000 | N8: =IF(Table14678[[#This Row],[Interim Value]]<0,0,Table14678[[#This Row],[Interim Value]]) -> 1000 | O8: =Table14678[[#This Row],[Kitting Quantity]]*Table14678[[#This Row],[Total]] -> 600 | P8: SUN MICRO | Q8: 60 DAYS CREDIT | R8: 0 | S8: =Table14678[[#This Row],[shortage for 5k kit]]*Table14678[[#This Row],[Total]] -> 0 | AB8: =Q1 -> 1000
A9: 4 | B9: CP04014 | C9: 1 | D9: C8 | E9: 22uF/50V (105) | F9: (5mm*11mm)TH 2.5MM pitch | G9: 0.1 | H9: JACKCON/SAMHWA | I9: SUNMICRO COMPONENTS | J9: 0.73 | K9: =Table14678[[#This Row],[Unit Cost]]*Table14678[[#This Row],[Quantity]] -> 0.73 | L9: 10000 | M9: =Table14678[[#This Row],[Quantity]]*AB9-Table14678[[#This Row],[STOCK]] -> -9000 | N9: =IF(Table14678[[#This Row],[Interim Value]]<0,0,Table14678[[#This Row],[Interim Value]]) -> 0 | O9: =Table14678[[#This Row],[Kitting Quantity]]*Table14678[[#This Row],[Total]] -> 0 | P9: G TEK ELECTRO | Q9: 30 DAYS PDC | R9: 0 | S9: =Table14678[[#This Row],[shortage for 5k kit]]*Table14678[[#This Row],[Total]] -> 0 | AB9: =Q1 -> 1000
A10: 5 | B10: CP04034 | C10: 1 | D10: C7 | E10: 47pF/50V | F10: C1206 | G10: 0.05 | H10: YAGEO,AVX,WALSIN | I10: HICOTRONICS | J10: 0.5 | K10: =Table14678[[#This Row],[Unit Cost]]*Table14678[[#This Row],[Quantity]] -> 0.5 | L10: 0 | M10: =Table14678[[#This Row],[Quantity]]*AB10-Table14678[[#This Row],[STOCK]] -> 1000 | N10: =IF(Table14678[[#This Row],[Interim Value]]<0,0,Table14678[[#This Row],[Interim Value]]) -> 1000 | O10: =Table14678[[#This Row],[Kitting Quantity]]*Table14678[[#This Row],[Total]] -> 500 | P10: HICOTRONICS | Q10: 60 DAYS CREDIT | R10: 0 | S10: =Table14678[[#This Row],[shortage for 5k kit]]*Table14678[[#This Row],[Total]] -> 0 | AB10: =Q1 -> 1000
A11: 6 | B11: RS01006 | C11: 1 | D11: C6 | E11: 1uF/50V 105deg | F11: 4.6mm*10mm (2.5mm pitch) | G11: 0.05 | H11: JACKCON/SAMHWA | I11: SUNMICRO COMPONENTS | J11: 0.63 | K11: =Table14678[[#This Row],[Unit Cost]]*Table14678[[#This Row],[Quantity]] -> 0.63 | L11: 0 | M11: =Table14678[[#This Row],[Quantity]]*AB11-Table14678[[#This Row],[STOCK]] -> 1000 | N11: =IF(Table14678[[#This Row],[Interim Value]]<0,0,Table14678[[#This Row],[Interim Value]]) -> 1000 | O11: =Table14678[[#This Row],[Kitting Quantity]]*Table14678[[#This Row],[Total]] -> 630 | P11: G TEK ELECTRO | Q11: 30 DAYS PDC | R11: 0 | S11: =Table14678[[#This Row],[shortage for 5k kit]]*Table14678[[#This Row],[Total]] -> 0 | AB11: =Q1 -> 1000
A12: 7 | B12: CP04035 | C12: 1 | D12: C4 | E12: 470uF,50V 105 deg | F12: (10mm*17mm) 5mm pitch | G12: 0.1 | H12: JACKCON/SAMHWA | I12: SUNMICRO COMPONENTS | J12: 2.95 | K12: =Table14678[[#This Row],[Unit Cost]]*Table14678[[#This Row],[Quantity]] -> 2.95 | L12: 2996 | M12: =Table14678[[#This Row],[Quantity]]*AB12-Table14678[[#This Row],[STOCK]] -> -1996 | N12: =IF(Table14678[[#This Row],[Interim Value]]<0,0,Table14678[[#This Row],[Interim Value]]) -> 0 | O12: =Table14678[[#This Row],[Kitting Quantity]]*Table14678[[#This Row],[Total]] -> 0 | P12: G TEK ELECTRO | Q12: 30 DAYS PDC | R12: 0 | S12: =Table14678[[#This Row],[shortage for 5k kit]]*Table14678[[#This Row],[Total]] -> 0 | AB12: =Q1 -> 1000
A13: 8 | B13: MOV11005 | C13: 2 | D13: RV1,RV2 | E13: MOV (14D471K) | F13: 14mm(TH) 7mm pitch | H13: EPCOS,UCHI | I13: HICOTRONICS | J13: 3 | K13: =Table14678[[#This Row],[Unit Cost]]*Table14678[[#This Row],[Quantity]] -> 6 | L13: 0 | M13: =Table14678[[#This Row],[Quantity]]*AB13-Table14678[[#This Row],[STOCK]] -> 2000 | N13: =IF(Table14678[[#This Row],[Interim Value]]<0,0,Table14678[[#This Row],[Interim Value]]) -> 2000 | O13: =Table14678[[#This Row],[Kitting Quantity]]*Table14678[[#This Row],[Total]] -> 12000 | P13: HICOTRONICS | Q13: 60 DAYS CREDIT | R13: 0 | S13: =Table14678[[#This Row],[shortage for 5k kit]]*Table14678[[#This Row],[Total]] -> 0 | AB13: =Q1 -> 1000
A14: 9 | B14: CP04063 | C14: 1 | D14: C1 | E14: 22nF/275VAC | F14: (13mmL*4mmW*8.5mmH) 10mm pitch | G14: 0.1 | H14: HEL,EPCOS,ETR | I14: SUNMICRO COMPONENTS | J14: 3.08 | K14: =Table14678[[#This Row],[Unit Cost]]*Table14678[[#This Row],[Quantity]] -> 3.08 | L14: 5990 | M14: =Table14678[[#This Row],[Quantity]]*AB14-Table14678[[#This Row],[STOCK]] -> -4990 | N14: =IF(Table14678[[#This Row],[Interim Value]]<0,0,Table14678[[#This Row],[Interim Value]]) -> 0 | O14: =Table14678[[#This Row],[Kitting Quantity]]*Table14678[[#This Row],[Total]] -> 0 | P14: HICOTRONICS | Q14: 60 DAYS CREDIT | R14: 0 | S14: =Table14678[[#This Row],[shortage for 5k kit]]*Table14678[[#This Row],[Total]] -> 0 | AB14: =Q1 -> 1000
A15: 10 | B15: CP04027 | C15: 1 | D15: C9 | E15: 2.2nF 275VAC | F15: DISC 7.5mm pitch | I15: SUNMICRO COMPONENTS | J15: 1.75 | K15: =Table14678[[#This Row],[Unit Cost]]*Table14678[[#This Row],[Quantity]] -> 1.75 | L15: 0 | M15: =Table14678[[#This Row],[Quantity]]*AB15-Table14678[[#This Row],[STOCK]] -> 1000 | N15: =IF(Table14678[[#This Row],[Interim Value]]<0,0,Table14678[[#This Row],[Interim Value]]) -> 1000 | O15: =Table14678[[#This Row],[Kitting Quantity]]*Table14678[[#This Row],[Total]] -> 1750 | P15: SUN MICRO | Q15: 60 DAYS CREDIT | R15: 0 | S15: =Table14678[[#This Row],[shortage for 5k kit]]*Table14678[[#This Row],[Total]] -> 0 | AB15: =Q1 -> 1000
A16: 11 | B16: DE05024 | C16: 1 | D16: D7 | E16: UF4007 | F16: D0-41 | H16: DIODE INC,HY,MIC | I16: HICOTRONICS | J16: 0.73 | K16: =Table14678[[#This Row],[Unit Cost]]*Table14678[[#This Row],[Quantity]] -> 0.73 | L16: 15000 | M16: =Table14678[[#This Row],[Quantity]]*AB16-Table14678[[#This Row],[STOCK]] -> -14000 | N16: =IF(Table14678[[#This Row],[Interim Value]]<0,0,Table14678[[#This Row],[Interim Value]]) -> 0 | O16: =Table14678[[#This Row],[Kitting Quantity]]*Table14678[[#This Row],[Total]] -> 0 | P16: HICOTRONICS | Q16: 60 DAYS CREDIT | R16: 0 | S16: =Table14678[[#This Row],[shortage for 5k kit]]*Table14678[[#This Row],[Total]] -> 0 | AB16: =Q1 -> 1000
A17: 12 | B17: DE05024 | C17: 1 | D17: D5 | E17: UF4007 | F17: D0-41 | H17: DIODE INC,HY,MIC | I17: HICOTRONICS | J17: 0.73 | K17: =Table14678[[#This Row],[Unit Cost]]*Table14678[[#This Row],[Quantity]] -> 0.73 | L17: 0 | M17: =Table14678[[#This Row],[Quantity]]*AB17-Table14678[[#This Row],[STOCK]] -> 1000 | N17: =IF(Table14678[[#This Row],[Interim Value]]<0,0,Table14678[[#This Row],[Interim Value]]) -> 1000 | O17: =Table14678[[#This Row],[Kitting Quantity]]*Table14678[[#This Row],[Total]] -> 730 | P17: HICOTRONICS | Q17: 60 DAYS CREDIT | R17: 0 | S17: =Table14678[[#This Row],[shortage for 5k kit]]*Table14678[[#This Row],[Total]] -> 0 | AB17: =Q1 -> 1000
A18: 13 | B18: DE05013 | C18: 1 | D18: D6 | E18: ES2J | F18: DO-201AD | H18: ON SEMI ,HY,DIODE INC | I18: SUNMICRO COMPONENTS | J18: 3.5 | K18: =Table14678[[#This Row],[Unit Cost]]*Table14678[[#This Row],[Quantity]] -> 3.5 | L18: 16000 | M18: =Table14678[[#This Row],[Quantity]]*AB18-Table14678[[#This Row],[STOCK]] -> -15000 | N18: =IF(Table14678[[#This Row],[Interim Value]]<0,0,Table14678[[#This Row],[Interim Value]]) -> 0 | O18: =Table14678[[#This Row],[Kitting Quantity]]*Table14678[[#This Row],[Total]] -> 0 | P18: MIC | Q18: IMMEDIATE | R18: 0 | S18: =Table14678[[#This Row],[shortage for 5k kit]]*Table14678[[#This Row],[Total]] -> 0 | AB18: =Q1 -> 1000
A19: 14 | B19: CR18007 | C19: 1 | D19: F1 | E19: 3.15A 250V(SLOW BLOW) | F19: (3.6mm*10mm) | H19: PROTOCON | I19: SUNMICRO COMPONENTS | J19: 2.5 | K19: =Table14678[[#This Row],[Unit Cost]]*Table14678[[#This Row],[Quantity]] -> 2.5 | L19: 0 | M19: =Table14678[[#This Row],[Quantity]]*AB19-Table14678[[#This Row],[STOCK]] -> 1000 | N19: =IF(Table14678[[#This Row],[Interim Value]]<0,0,Table14678[[#This Row],[Interim Value]]) -> 1000 | O19: =Table14678[[#This Row],[Kitting Quantity]]*Table14678[[#This Row],[Total]] -> 2500 | P19: SUN MICRO | Q19: 60 DAYS CREDIT | R19: 5000 | S19: =Table14678[[#This Row],[shortage for 5k kit]]*Table14678[[#This Row],[Total]] -> 12500 | AB19: =Q1 -> 1000
A20: 15 | B20: IN08022 | C20: 2 | D20: L1,L2 | E20: 1mH(300mA) | F20: (8*10)drum type 5mm pitch | G20: 0.05 | H20: SEMTRONICS | I20: METRONIX | J20: 5 | K20: =Table14678[[#This Row],[Unit Cost]]*Table14678[[#This Row],[Quantity]] -> 10 | L20: 0 | M20: =Table14678[[#This Row],[Quantity]]*AB20-Table14678[[#This Row],[STOCK]] -> 2000 | N20: =IF(Table14678[[#This Row],[Interim Value]]<0,0,Table14678[[#This Row],[Interim Value]]) -> 2000 | O20: =Table14678[[#This Row],[Kitting Quantity]]*Table14678[[#This Row],[Total]] -> 20000 | P20: AM ELECTRONICS | Q20: 30 DAYS CREDIT | R20: 10000 | S20: =Table14678[[#This Row],[shortage for 5k kit]]*Table14678[[#This Row],[Total]] -> 100000 | AB20: =Q1 -> 1000
A21: 16 | B21: MF02004 | C21: 1 | D21: Q1 | E21: 2N60 | F21: TO_220 | H21: FAIRCHILD,HY | I21: SUNMICRO COMPONENTS | J21: 12 | K21: =Table14678[[#This Row],[Unit Cost]]*Table14678[[#This Row],[Quantity]] -> 12 | L21: 33000 | M21: =Table14678[[#This Row],[Quantity]]*AB21-Table14678[[#This Row],[STOCK]] -> -32000 | N21: =IF(Table14678[[#This Row],[Interim Value]]<0,0,Table14678[[#This Row],[Interim Value]]) -> 0 | O21: =Table14678[[#This Row],[Kitting Quantity]]*Table14678[[#This Row],[Total]] -> 0 | P21: SEM | Q21: IMMEDIATE | R21: 0 | S21: =Table14678[[#This Row],[shortage for 5k kit]]*Table14678[[#This Row],[Total]] -> 0 | AB21: =Q1 -> 1000
A22: 17 | B22: RS01187 | C22: 2 | D22: R1,R2 | E22: 2M2 | F22: 1/4W | H22: AVX,YAGEO | I22: HICOTRONICS | J22: 0.15 | K22: =Table14678[[#This Row],[Unit Cost]]*Table14678[[#This Row],[Quantity]] -> 0.3 | L22: 0 | M22: =Table14678[[#This Row],[Quantity]]*AB22-Table14678[[#This Row],[STOCK]] -> 2000 | N22: =IF(Table14678[[#This Row],[Interim Value]]<0,0,Table14678[[#This Row],[Interim Value]]) -> 2000 | O22: =Table14678[[#This Row],[Kitting Quantity]]*Table14678[[#This Row],[Total]] -> 600 | P22: SHREE ELECTRONICS | Q22: 60 DAYS PDC CREDIT | R22: 0 | S22: =Table14678[[#This Row],[shortage for 5k kit]]*Table14678[[#This Row],[Total]] -> 0 | AB22: =Q1 -> 1000
A23: 18 | B23: RS01176 | C23: 1 | D23: R7 | E23: 10E | F23: R1206 | G23: 0.05 | H23: AVX,YAGEO | I23: HICOTRONICS | J23: 0.08 | K23: =Table14678[[#This Row],[Unit Cost]]*Table14678[[#This Row],[Quantity]] -> 0.08 | L23: 0 | M23: =Table14678[[#This Row],[Quantity]]*AB23-Table14678[[#This Row],[STOCK]] -> 1000 | N23: =IF(Table14678[[#This Row],[Interim Value]]<0,0,Table14678[[#This Row],[Interim Value]]) -> 1000 | O23: =Table14678[[#This Row],[Kitting Quantity]]*Table14678[[#This Row],[Total]] -> 80 | P23: HICOTRONICS | Q23: 60 DAYS CREDIT | R23: 0 | S23: =Table14678[[#This Row],[shortage for 5k kit]]*Table14678[[#This Row],[Total]] -> 0 | AB23: =Q1 -> 1000
A24: 19 | B24: RS01181 | C24: 1 | D24: R3 | E24: 150K | F24: 1/2W | G24: 0.05 | H24: AVX,YAGEO | I24: HICOTRONICS | J24: 0.21 | K24: =Table14678[[#This Row],[Unit Cost]]*Table14678[[#This Row],[Quantity]] -> 0.21 | L24: 0 | M24: =Table14678[[#This Row],[Quantity]]*AB24-Table14678[[#This Row],[STOCK]] -> 1000 | N24: =IF(Table14678[[#This Row],[Interim Value]]<0,0,Table14678[[#This Row],[Interim Value]]) -> 1000 | O24: =Table14678[[#This Row],[Kitting Quantity]]*Table14678[[#This Row],[Total]] -> 210 | P24: SHREE ELECTRONICS | Q24: 60 DAYS PDC CREDIT | R24: 0 | S24: =Table14678[[#This Row],[shortage for 5k kit]]*Table14678[[#This Row],[Total]] -> 0 | AB24: =Q1 -> 1000
A25: 20 | B25: RS01188 | C25: 1 | D25: R6 | E25: 68E | F25: R1206 | G25: 0.05 | H25: AVX,YAGEO | I25: HICOTRONICS | J25: 0.08 | K25: =Table14678[[#This Row],[Unit Cost]]*Table14678[[#This Row],[Quantity]] -> 0.08 | L25: 0 | M25: =Table14678[[#This Row],[Quantity]]*AB25-Table14678[[#This Row],[STOCK]] -> 1000 | N25: =IF(Table14678[[#This Row],[Interim Value]]<0,0,Table14678[[#This Row],[Interim Value]]) -> 1000 | O25: =Table14678[[#This Row],[Kitting Quantity]]*Table14678[[#This Row],[Total]] -> 80 | P25: HICOTRONICS | Q25: 60 DAYS CREDIT | R25: 0 | S25: =Table14678[[#This Row],[shortage for 5k kit]]*Table14678[[#This Row],[Total]] -> 0 | AB25: =Q1 -> 1000
A26: 21 | B26: RS01183 | C26: 1 | D26: R11 | E26: 56K | F26: R1206 | G26: 0.01 | H26: AVX,YAGEO | I26: HICOTRONICS | J26: 0.08 | K26: =Table14678[[#This Row],[Unit Cost]]*Table14678[[#This Row],[Quantity]] -> 0.08 | L26: 0 | M26: =Table14678[[#This Row],[Quantity]]*AB26-Table14678[[#This Row],[STOCK]] -> 1000 | N26: =IF(Table14678[[#This Row],[Interim Value]]<0,0,Table14678[[#This Row],[Interim Value]]) -> 1000 | O26: =Table14678[[#This Row],[Kitting Quantity]]*Table14678[[#This Row],[Total]] -> 80 | P26: HICOTRONICS | Q26: 60 DAYS CREDIT | R26: 0 | S26: =Table14678[[#This Row],[shortage for 5k kit]]*Table14678[[#This Row],[Total]] -> 0 | AB26: =Q1 -> 1000
A27: 22 | B27: RS01018 | C27: 1 | D27: R12 | E27: 7.5K | F27: R1206 | G27: 0.01 | H27: AVX,YAGEO | I27: HICOTRONICS | J27: 0.1 | K27: =Table14678[[#This Row],[Unit Cost]]*Table14678[[#This Row],[Quantity]] -> 0.1 | L27: 10000 | M27: =Table14678[[#This Row],[Quantity]]*AB27-Table14678[[#This Row],[STOCK]] -> -9000 | N27: =IF(Table14678[[#This Row],[Interim Value]]<0,0,Table14678[[#This Row],[Interim Value]]) -> 0 | O27: =Table14678[[#This Row],[Kitting Quantity]]*Table14678[[#This Row],[Total]] -> 0 | P27: HICOTRONICS | Q27: 60 DAYS CREDIT | R27: 0 | S27: =Table14678[[#This Row],[shortage for 5k kit]]*Table14678[[#This Row],[Total]] -> 0 | AB27: =AB26 -> 1000
A28: 23 | B28: RS01190 | C28: 1 | D28: R5 | E28: 150K | F28: R1206 | G28: 0.01 | H28: AVX,YAGEO | I28: HICOTRONICS | J28: 0.1 | K28: =Table14678[[#This Row],[Unit Cost]]*Table14678[[#This Row],[Quantity]] -> 0.1 | L28: 10000 | M28: =Table14678[[#This Row],[Quantity]]*AB28-Table14678[[#This Row],[STOCK]] -> -9000 | N28: =IF(Table14678[[#This Row],[Interim Value]]<0,0,Table14678[[#This Row],[Interim Value]]) -> 0 | O28: =Table14678[[#This Row],[Kitting Quantity]]*Table14678[[#This Row],[Total]] -> 0 | P28: HICOTRONICS | Q28: 60 DAYS CREDIT | R28: 0 | S28: =Table14678[[#This Row],[shortage for 5k kit]]*Table14678[[#This Row],[Total]] -> 0 | AB28: =Q1 -> 1000
A29: 24 | B29: RS01026 | C29: 1 | D29: R4 | E29: 10K | F29: R1206 | G29: 0.05 | H29: AVX,YAGEO | I29: HICOTRONICS | J29: 0.08 | K29: =Table14678[[#This Row],[Unit Cost]]*Table14678[[#This Row],[Quantity]] -> 0.08 | L29: 0 | M29: =Table14678[[#This Row],[Quantity]]*AB29-Table14678[[#This Row],[STOCK]] -> 1000 | N29: =IF(Table14678[[#This Row],[Interim Value]]<0,0,Table14678[[#This Row],[Interim Value]]) -> 1000 | O29: =Table14678[[#This Row],[Kitting Quantity]]*Table14678[[#This Row],[Total]] -> 80 | P29: HICOTRONICS | Q29: 60 DAYS CREDIT | R29: 0 | S29: =Table14678[[#This Row],[shortage for 5k kit]]*Table14678[[#This Row],[Total]] -> 0 | AB29: =Q1 -> 1000
A30: 25 | B30: RS01185 | C30: 1 | D30: R8 | E30: 1R690 | F30: R1206 | G30: 0.01 | H30: AVX,YAGEO | I30: HICOTRONICS | J30: 0.14 | K30: =Table14678[[#This Row],[Unit Cost]]*Table14678[[#This Row],[Quantity]] -> 0.14 | L30: 5000 | M30: =Table14678[[#This Row],[Quantity]]*AB30-Table14678[[#This Row],[STOCK]] -> -4000 | N30: =IF(Table14678[[#This Row],[Interim Value]]<0,0,Table14678[[#This Row],[Interim Value]]) -> 0 | O30: =Table14678[[#This Row],[Kitting Quantity]]*Table14678[[#This Row],[Total]] -> 0 | P30: HICOTRONICS | Q30: 60 DAYS CREDIT | R30: 0 | S30: =Table14678[[#This Row],[shortage for 5k kit]]*Table14678[[#This Row],[Total]] -> 0 | AB30: =Q1 -> 1000
A31: 26 | B31: RS01186 | C31: 1 | D31: R9 | E31: 1R600 | F31: R1206 | G31: 0.01 | H31: AVX,YAGEO | I31: HICOTRONICS | J31: 0.14 | K31: =Table14678[[#This Row],[Unit Cost]]*Table14678[[#This Row],[Quantity]] -> 0.14 | L31: 0 | M31: =Table14678[[#This Row],[Quantity]]*AB31-Table14678[[#This Row],[STOCK]] -> 1000 | N31: =IF(Table14678[[#This Row],[Interim Value]]<0,0,Table14678[[#This Row],[Interim Value]]) -> 1000 | O31: =Table14678[[#This Row],[Kitting Quantity]]*Table14678[[#This Row],[Total]] -> 140 | P31: HICOTRONICS | Q31: 60 DAYS CREDIT | R31: 0 | S31: =Table14678[[#This Row],[shortage for 5k kit]]*Table14678[[#This Row],[Total]] -> 0 | AB31: =Q1 -> 1000
A32: 27 | C32: 1 | D32: R10 | E32: NC | F32: R1206 | G32: 0.01 | H32: AVX,YAGEO | K32: =Table14678[[#This Row],[Unit Cost]]*Table14678[[#This Row],[Quantity]] -> 0 | L32: 0 | M32: =Table14678[[#This Row],[Quantity]]*AB32-Table14678[[#This Row],[STOCK]] -> 1000 | N32: =IF(Table14678[[#This Row],[Interim Value]]<0,0,Table14678[[#This Row],[Interim Value]]) -> 1000 | O32: =Table14678[[#This Row],[Kitting Quantity]]*Table14678[[#This Row],[Total]] -> 0 | P32: HICOTRONICS | Q32: 60 DAYS CREDIT | R32: 0 | S32: =Table14678[[#This Row],[shortage for 5k kit]]*Table14678[[#This Row],[Total]] -> 0 | AB32: =Q1 -> 1000
A33: 28 | B33: IN08015 | C33: 1 | D33: T1 | E33: EE16 H | F33: MT-15947 | G33: 0.05 | H33: METRONICS | I33: METRONIX | J33: 12 | K33: =Table14678[[#This Row],[Unit Cost]]*Table14678[[#This Row],[Quantity]] -> 12 | L33: 0 | M33: =Table14678[[#This Row],[Quantity]]*AB33-Table14678[[#This Row],[STOCK]] -> 1000 | N33: =IF(Table14678[[#This Row],[Interim Value]]<0,0,Table14678[[#This Row],[Interim Value]]) -> 1000 | O33: =Table14678[[#This Row],[Kitting Quantity]]*Table14678[[#This Row],[Total]] -> 12000 | P33: METRONIX | Q33: 90 DAYS CREDIT | R33: 5000 | S33: =Table14678[[#This Row],[shortage for 5k kit]]*Table14678[[#This Row],[Total]] -> 60000 | AB33: =Q1 -> 1000
A34: 29 | B34: IC15015 | C34: 1 | D34: U1 | E34: SM6300B | F34: SOP8 | H34: SEMTRONICS | I34: SEM | J34: 20 | K34: =Table14678[[#This Row],[Unit Cost]]*Table14678[[#This Row],[Quantity]] -> 20 | L34: 0 | M34: =Table14678[[#This Row],[Quantity]]*AB34-Table14678[[#This Row],[STOCK]] -> 1000 | N34: =IF(Table14678[[#This Row],[Interim Value]]<0,0,Table14678[[#This Row],[Interim Value]]) -> 1000 | O34: =Table14678[[#This Row],[Kitting Quantity]]*Table14678[[#This Row],[Total]] -> 20000 | P34: SEM | Q34: IMMEDIATE | R34: 0 | S34: =Table14678[[#This Row],[shortage for 5k kit]]*Table14678[[#This Row],[Total]] -> 0 | AB34: =Q1 -> 1000
A35: 30 | B35: PCB09075 | C35: 1 | E35: VER DL ES 02 | F35: 34mm*82mm | I35: UNIVERSAL CIRCUTS | J35: 8.4 | K35: =Table14678[[#This Row],[Unit Cost]]*Table14678[[#This Row],[Quantity]] -> 8.4 | L35: 0 | M35: =Table14678[[#This Row],[Quantity]]*AB35-Table14678[[#This Row],[STOCK]] -> 1000 | N35: =IF(Table14678[[#This Row],[Interim Value]]<0,0,Table14678[[#This Row],[Interim Value]]) -> 1000 | O35: =Table14678[[#This Row],[Kitting Quantity]]*Table14678[[#This Row],[Total]] -> 8400 | P35: UNIVERSAL | Q35: 60 DAYS CREDIT | R35: 0 | S35: =Table14678[[#This Row],[shortage for 5k kit]]*Table14678[[#This Row],[Total]] -> 0 | AB35: =Q1 -> 1000
A36: 31 | B36: HS03003 | C36: 1 | D36: HS1 | E36: HS1 | I36: L S I COMPONENTS | J36: 2.75 | K36: =Table14678[[#This Row],[Unit Cost]]*Table14678[[#This Row],[Quantity]] -> 2.75 | L36: 0 | M36: =Table14678[[#This Row],[Quantity]]*AB36-Table14678[[#This Row],[STOCK]] -> 1000 | N36: =IF(Table14678[[#This Row],[Interim Value]]<0,0,Table14678[[#This Row],[Interim Value]]) -> 1000 | O36: =Table14678[[#This Row],[Kitting Quantity]]*Table14678[[#This Row],[Total]] -> 2750 | P36: LSI COMP | Q36: 60 DAYS CREDIT | R36: 0 | S36: =Table14678[[#This Row],[shortage for 5k kit]]*Table14678[[#This Row],[Total]] -> 0 | AB36: =Q1 -> 1000
A37: 33 | B37: EQ10045 | C37: 1 | E37: M3 X 6 | F37: SCREW | J37: 0.2 | K37: =Table14678[[#This Row],[Unit Cost]]*Table14678[[#This Row],[Quantity]] -> 0.2 | L37: 0 | M37: =Table14678[[#This Row],[Quantity]]*AB37-Table14678[[#This Row],[STOCK]] -> 1000 | N37: =IF(Table14678[[#This Row],[Interim Value]]<0,0,Table14678[[#This Row],[Interim Value]]) -> 1000 | O37: =Table14678[[#This Row],[Kitting Quantity]]*Table14678[[#This Row],[Total]] -> 200 | Q37: IMMEDIATE | R37: 0 | S37: =Table14678[[#This Row],[shortage for 5k kit]]*Table14678[[#This Row],[Total]] -> 0 | AB37: =Q1 -> 1000
A38: 34 | B38: ES07043 | C38: 1 | E38: PLASTIC BOX | F38: BIG SIZE | I38: VANSH ELECTRO MACHINACAL | J38: 9 | K38: =Table14678[[#This Row],[Unit Cost]]*Table14678[[#This Row],[Quantity]] -> 9 | L38: 0 | M38: =Table14678[[#This Row],[Quantity]]*AB38-Table14678[[#This Row],[STOCK]] -> 1000 | N38: =IF(Table14678[[#This Row],[Interim Value]]<0,0,Table14678[[#This Row],[Interim Value]]) -> 1000 | O38: =Table14678[[#This Row],[Kitting Quantity]]*Table14678[[#This Row],[Total]] -> 9000 | P38: VANSH ELECTRO | Q38: 15 DAYS CREDIT | R38: 0 | S38: =Table14678[[#This Row],[shortage for 5k kit]]*Table14678[[#This Row],[Total]] -> 0 | AB38: =Q1 -> 1000
A39: 35 | B39: WR12004 | C39: 1 | E39: 3 INCH PVC WIRE RED | F39: PVC | I39: MAHAVEER | J39: 0.5 | K39: =Table14678[[#This Row],[Unit Cost]]*Table14678[[#This Row],[Quantity]] -> 0.5 | L39: 0 | M39: =Table14678[[#This Row],[Quantity]]*AB39-Table14678[[#This Row],[STOCK]] -> 1000 | N39: =IF(Table14678[[#This Row],[Interim Value]]<0,0,Table14678[[#This Row],[Interim Value]]) -> 1000 | O39: =Table14678[[#This Row],[Kitting Quantity]]*Table14678[[#This Row],[Total]] -> 500 | Q39: 30 DAYS CREDIT | R39: 0 | S39: =Table14678[[#This Row],[shortage for 5k kit]]*Table14678[[#This Row],[Total]] -> 0 | AB39: =Q1 -> 1000
A40: 36 | B40: WR12005 | C40: 1 | E40: 3 INCH PVC WIRE BLACK | F40: PVC | I40: MAHAVEER | J40: 0.5 | K40: =Table14678[[#This Row],[Unit Cost]]*Table14678[[#This Row],[Quantity]] -> 0.5 | L40: 0 | M40: =Table14678[[#This Row],[Quantity]]*AB40-Table14678[[#This Row],[STOCK]] -> 1000 | N40: =IF(Table14678[[#This Row],[Interim Value]]<0,0,Table14678[[#This Row],[Interim Value]]) -> 1000 | O40: =Table14678[[#This Row],[Kitting Quantity]]*Table14678[[#This Row],[Total]] -> 500 | Q40: 30 DAYS CREDIT | R40: 0 | S40: =Table14678[[#This Row],[shortage for 5k kit]]*Table14678[[#This Row],[Total]] -> 0 | AB40: =Q1 -> 1000
A41: 37 | B41: EQ10070 | C41: 1 | E41: LABLE STICKER | J41: 1.25 | K41: =Table14678[[#This Row],[Unit Cost]]*Table14678[[#This Row],[Quantity]] -> 1.25 | L41: 0 | M41: =Table14678[[#This Row],[Quantity]]*AB41-Table14678[[#This Row],[STOCK]] -> 1000 | N41: =IF(Table14678[[#This Row],[Interim Value]]<0,0,Table14678[[#This Row],[Interim Value]]) -> 1000 | O41: =Table14678[[#This Row],[Kitting Quantity]]*Table14678[[#This Row],[Total]] -> 1250 | Q41: IMMEDIATE | R41: 0 | S41: =Table14678[[#This Row],[shortage for 5k kit]]*Table14678[[#This Row],[Total]] -> 0 | AB41: =Q1 -> 1000
A42: 38 | B42: EQ10069 | C42: 1 | E42: BAR CODE STICKER | J42: 0.3 | K42: =Table14678[[#This Row],[Unit Cost]]*Table14678[[#This Row],[Quantity]] -> 0.3 | L42: 0 | M42: =Table14678[[#This Row],[Quantity]]*AB42-Table14678[[#This Row],[STOCK]] -> 1000 | N42: =IF(Table14678[[#This Row],[Interim Value]]<0,0,Table14678[[#This Row],[Interim Value]]) -> 1000 | O42: =Table14678[[#This Row],[Kitting Quantity]]*Table14678[[#This Row],[Total]] -> 300 | Q42: IMMEDIATE | R42: 0 | S42: =Table14678[[#This Row],[shortage for 5k kit]]*Table14678[[#This Row],[Total]] -> 0 | AB42: =Q1 -> 1000
A43: 39 | C43: 1 | E43: EMS COST | I43: EAST INDIA | J43: 12 | K43: =Table14678[[#This Row],[Unit Cost]]*Table14678[[#This Row],[Quantity]] -> 12 | M43: =Table14678[[#This Row],[Quantity]]*AB43-Table14678[[#This Row],[STOCK]] -> 1000 | N43: =IF(Table14678[[#This Row],[Interim Value]]<0,0,Table14678[[#This Row],[Interim Value]]) -> 1000 | O43: =Table14678[[#This Row],[Kitting Quantity]]*Table14678[[#This Row],[Total]] -> 12000 | Q43: 60 DAYS CREDIT | R43: 0 | S43: =Table14678[[#This Row],[shortage for 5k kit]]*Table14678[[#This Row],[Total]] -> 0 | AB43: =Q1 -> 1000
A44: Total Electronics Cost | K44: =SUBTOTAL(109,Table14678[Total]) -> 120.81 | O44: =SUM(O6:O43) -> 123480
B48: T/T | C48: =K42+K41+K37+K34+K21+K18 -> 37.25 | E48: T/T | F48: =N42+N41+N37+N34+N21+N18 -> 4000 | G48: T/T | H48: =P42+P41+P37+P34+P21+P18 -> #VALUE! | I48: T/T | J48: =O42+O41+O37+O34+O21+O18 -> 21750
B49: 7 Days | C49: 0 | E49: 7 Days | F49: 0 | G49: 7 Days | H49: 0 | I49: 7 Days | J49: 0
B50: 15 Days | C50: =K38 -> 9 | E50: 15 Days | F50: =N38 -> 1000 | G50: 15 Days | H50: =P38 -> VANSH ELECTRO | I50: 15 Days | J50: =O38 -> 9000
B51: 30 Days | C51: =K40+K39+K20+K12+K11+K9 -> 15.31 | E51: 30 Days | F51: =N40+N39+N20+N12+N11+N9 -> 5000 | G51: 30 Days | H51: =P40+P39+P20+P12+P11+P9 -> #VALUE! | I51: 30 Days | J51: =O40+O39+O20+O12+O11+O9 -> 21630
B52: 60 Days | C52: =K43+K36+K35+K31+K30+K29+K28+K27+K26+K25+K24+K23+K22+K19+K17+K16+K15+K14+K13+K10+K8+K7+K6 -> 47.25 | E52: 60 Days | F52: =N43+N36+N35+N31+N30+N29+N28+N27+N26+N25+N24+N23+N22+N19+N17+N16+N15+N14+N13+N10+N8+N7+N6 -> 24000 | G52: 60 Days | H52: =P43+P36+P35+P31+P30+P29+P28+P27+P26+P25+P24+P23+P22+P19+P17+P16+P15+P14+P13+P10+P8+P7+P6 -> #VALUE! | I52: 60 Days | J52: =O43+O36+O35+O31+O30+O29+O28+O27+O26+O25+O24+O23+O22+O19+O17+O16+O15+O14+O13+O10+O8+O7+O6 -> 59100
B53: 90 Days | C53: =K33 -> 12 | E53: 90 Days | F53: =N33 -> 1000 | G53: 90 Days | H53: =P33 -> METRONIX | I53: 90 Days | J53: =O33 -> 12000
C54: =SUM(C48:C53) -> 120.81 | J54: =SUM(J48:J53) -> 123480

Sheet 10-17W300mA
A1: Product Code | C1: DR13099 | F1: E - 10W -- 17W<= (30V -- 50V 300mA) Driver BOM list | L1: Kitting Quantity | O1: ='Detail-Planner'!E11 -> 1000
A3: Product Description - 10-17 WATT 300mA
A5: Item | B5: Raw Material Code | C5: Quantity | D5: Reference | E5: Part | F5: Package | G5: Tolerence | H5: Make | I5: Vendor | J5: Unit Cost | K5: Total | L5: STOCK | M5: Interim Value | N5: Kitting Quantity | O5: PRICE | P5: SUPPLIER NAME | Q5: PAYMENT TERMS | R5: shortage for 5k kit | S5: TOTAL COST
A6: 1 | B6: DE05008 | C6: 4 | D6: D1,D2,D3,D4 | E6: 1N4007 | F6: DO-41 | G6: 0.1 | H6: DIODE/HY/VISHAY | I6: HICOTRONICS | J6: 0.35 | K6: =Table146710[[#This Row],[Unit Cost]]*Table146710[[#This Row],[Quantity]] -> 1.4 | L6: 0 | M6: =Table146710[[#This Row],[Quantity]]*AE6-Table146710[[#This Row],[STOCK]] -> 4000 | N6: =IF(Table146710[[#This Row],[Interim Value]]<0,0,Table146710[[#This Row],[Interim Value]]) -> 4000 | O6: =Table146710[[#This Row],[Kitting Quantity]]*Table146710[[#This Row],[Total]] -> 5600 | P6: HICOTRONICS | Q6: 60 DAYS CREDIT | R6: 0 | S6: =Table146710[[#This Row],[shortage for 5k kit]]*Table146710[[#This Row],[Total]] -> 0 | AE6: =O1 -> 1000
A7: 2 | B7: CP04064 | C7: 2 | D7: C2,C10 | E7: 100nF 305V AC | F7: X2 BOX CAP (10mm pitch) | G7: 0.05 | H7: EPCOS | I7: HICOTRONICS | J7: 2.75 | K7: =Table146710[[#This Row],[Unit Cost]]*Table146710[[#This Row],[Quantity]] -> 5.5 | L7: 0 | M7: =Table146710[[#This Row],[Quantity]]*AE7-Table146710[[#This Row],[STOCK]] -> 2000 | N7: =IF(Table146710[[#This Row],[Interim Value]]<0,0,Table146710[[#This Row],[Interim Value]]) -> 2000 | O7: =Table146710[[#This Row],[Kitting Quantity]]*Table146710[[#This Row],[Total]] -> 11000 | P7: HICOTRONICS | Q7: 60 DAYS CREDIT | R7: 5000 | S7: =Table146710[[#This Row],[shortage for 5k kit]]*Table146710[[#This Row],[Total]] -> 27500 | AE7: =O1 -> 1000
A8: 3 | B8: CP04007 | C8: 1 | D8: C3 | E8: 103/1KVA | F8: DISC 5mm pitch | G8: 0.05 | H8: YAGEO,AVX,WALSIN | I8: SUNMICRO COMPONENTS | J8: 0.6 | K8: =Table146710[[#This Row],[Unit Cost]]*Table146710[[#This Row],[Quantity]] -> 0.6 | L8: 0 | M8: =Table146710[[#This Row],[Quantity]]*AE8-Table146710[[#This Row],[STOCK]] -> 1000 | N8: =IF(Table146710[[#This Row],[Interim Value]]<0,0,Table146710[[#This Row],[Interim Value]]) -> 1000 | O8: =Table146710[[#This Row],[Kitting Quantity]]*Table146710[[#This Row],[Total]] -> 600 | P8: SUN MICRO | Q8: 60 DAYS CREDIT | R8: 3000 | S8: =Table146710[[#This Row],[shortage for 5k kit]]*Table146710[[#This Row],[Total]] -> 1800 | AE8: =O1 -> 1000
A9: 4 | B9: CP04014 | C9: 1 | D9: C8 | E9: 22uF/50V (105) | F9: (5mm*11mm)TH 2.5MM pitch | G9: 0.1 | H9: JACKCON/SAMHWA | I9: SUNMICRO COMPONENTS | J9: 0.72 | K9: =Table146710[[#This Row],[Unit Cost]]*Table146710[[#This Row],[Quantity]] -> 0.72 | L9: 0 | M9: =Table146710[[#This Row],[Quantity]]*AE9-Table146710[[#This Row],[STOCK]] -> 1000 | N9: =IF(Table146710[[#This Row],[Interim Value]]<0,0,Table146710[[#This Row],[Interim Value]]) -> 1000 | O9: =Table146710[[#This Row],[Kitting Quantity]]*Table146710[[#This Row],[Total]] -> 720 | P9: G TEK ELECTRO | Q9: 30 DAYS PDC | R9: 0 | S9: =Table146710[[#This Row],[shortage for 5k kit]]*Table146710[[#This Row],[Total]] -> 0 | AE9: =O1 -> 1000
A10: 5 | B10: CP04034 | C10: 1 | D10: C7 | E10: 47pF/50V | F10: C1206 | G10: 0.05 | H10: YAGEO,AVX,WALSIN | I10: HICOTRONICS | J10: 0.5 | K10: =Table146710[[#This Row],[Unit Cost]]*Table146710[[#This Row],[Quantity]] -> 0.5 | L10: 0 | M10: =Table146710[[#This Row],[Quantity]]*AE10-Table146710[[#This Row],[STOCK]] -> 1000 | N10: =IF(Table146710[[#This Row],[Interim Value]]<0,0,Table146710[[#This Row],[Interim Value]]) -> 1000 | O10: =Table146710[[#This Row],[Kitting Quantity]]*Table146710[[#This Row],[Total]] -> 500 | P10: HICOTRONICS | Q10: 60 DAYS CREDIT | R10: 0 | S10: =Table146710[[#This Row],[shortage for 5k kit]]*Table146710[[#This Row],[Total]] -> 0 | AE10: =O1 -> 1000
A11: 6 | B11: RS01006 | C11: 1 | D11: C6 | E11: 1uF/50V 105deg | F11: 4.6mm*10mm (2.5mm pitch) | G11: 0.05 | H11: JACKCON/SAMHWA | I11: SUNMICRO COMPONENTS | J11: 0.63 | K11: =Table146710[[#This Row],[Unit Cost]]*Table146710[[#This Row],[Quantity]] -> 0.63 | L11: 0 | M11: =Table146710[[#This Row],[Quantity]]*AE11-Table146710[[#This Row],[STOCK]] -> 1000 | N11: =IF(Table146710[[#This Row],[Interim Value]]<0,0,Table146710[[#This Row],[Interim Value]]) -> 1000 | O11: =Table146710[[#This Row],[Kitting Quantity]]*Table146710[[#This Row],[Total]] -> 630 | P11: G TEK ELECTRO | Q11: 30 DAYS PDC | R11: 0 | S11: =Table146710[[#This Row],[shortage for 5k kit]]*Table146710[[#This Row],[Total]] -> 0 | AE11: =O1 -> 1000
A12: 7 | B12: CP04061 | C12: 1 | D12: C5 | E12: 220uF,50V 105 deg | F12: (10mm*17mm) 5mm pitch | G12: 0.1 | H12: JACKCON/SAMHWA | I12: SUNMICRO COMPONENTS | J12: 2.9 | K12: =Table146710[[#This Row],[Unit Cost]]*Table146710[[#This Row],[Quantity]] -> 2.9 | L12: 0 | M12: =Table146710[[#This Row],[Quantity]]*AE12-Table146710[[#This Row],[STOCK]] -> 1000 | N12: =IF(Table146710[[#This Row],[Interim Value]]<0,0,Table146710[[#This Row],[Interim Value]]) -> 1000 | O12: =Table146710[[#This Row],[Kitting Quantity]]*Table146710[[#This Row],[Total]] -> 2900 | P12: G TEK ELECTRO | Q12: 30 DAYS PDC | R12: 15 | S12: =Table146710[[#This Row],[shortage for 5k kit]]*Table146710[[#This Row],[Total]] -> 43.5 | AE12: =O1 -> 1000
A13: 8 | B13: MOV11005 | C13: 2 | D13: RV1,RV2 | E13: MOV (14D471K) | F13: 14mm(TH) 7mm pitch | H13: EPCOS,UCHI | I13: HICOTRONICS | J13: 3 | K13: =Table146710[[#This Row],[Unit Cost]]*Table146710[[#This Row],[Quantity]] -> 6 | L13: 0 | M13: =Table146710[[#This Row],[Quantity]]*AE13-Table146710[[#This Row],[STOCK]] -> 2000 | N13: =IF(Table146710[[#This Row],[Interim Value]]<0,0,Table146710[[#This Row],[Interim Value]]) -> 2000 | O13: =Table146710[[#This Row],[Kitting Quantity]]*Table146710[[#This Row],[Total]] -> 12000 | P13: HICOTRONICS | Q13: 60 DAYS CREDIT | R13: 10000 | S13: =Table146710[[#This Row],[shortage for 5k kit]]*Table146710[[#This Row],[Total]] -> 60000 | AE13: =O1 -> 1000
A14: 9 | B14: CP04063 | C14: 1 | D14: C1 | E14: 22nF/275VAC | F14: (13mmL*4mmW*8.5mmH) 10mm pitch | G14: 0.1 | H14: HEL,EPCOS,ETR | I14: SUNMICRO COMPONENTS | J14: 2.75 | K14: =Table146710[[#This Row],[Unit Cost]]*Table146710[[#This Row],[Quantity]] -> 2.75 | L14: 0 | M14: =Table146710[[#This Row],[Quantity]]*AE14-Table146710[[#This Row],[STOCK]] -> 1000 | N14: =IF(Table146710[[#This Row],[Interim Value]]<0,0,Table146710[[#This Row],[Interim Value]]) -> 1000 | O14: =Table146710[[#This Row],[Kitting Quantity]]*Table146710[[#This Row],[Total]] -> 2750 | P14: HICOTRONICS | Q14: 60 DAYS CREDIT | R14: 0 | S14: =Table146710[[#This Row],[shortage for 5k kit]]*Table146710[[#This Row],[Total]] -> 0 | AE14: =O1 -> 1000
A15: 10 | B15: CP04027 | C15: 1 | D15: C9 | E15: 2.2nF 275VAC | F15: DISC 7.5mm pitch | I15: SUNMICRO COMPONENTS | J15: 1.75 | K15: =Table146710[[#This Row],[Unit Cost]]*Table146710[[#This Row],[Quantity]] -> 1.75 | L15: 0 | M15: =Table146710[[#This Row],[Quantity]]*AE15-Table146710[[#This Row],[STOCK]] -> 1000 | N15: =IF(Table146710[[#This Row],[Interim Value]]<0,0,Table146710[[#This Row],[Interim Value]]) -> 1000 | O15: =Table146710[[#This Row],[Kitting Quantity]]*Table146710[[#This Row],[Total]] -> 1750 | P15: SUN MICRO | Q15: 60 DAYS CREDIT | R15: 0 | S15: =Table146710[[#This Row],[shortage for 5k kit]]*Table146710[[#This Row],[Total]] -> 0 | AE15: =O1 -> 1000
A16: 11 | B16: DE05024 | C16: 1 | D16: D7 | E16: UF4007 | F16: D0-41 | H16: DIODE INC,HY,MIC | I16: HICOTRONICS | J16: 0.65 | K16: =Table146710[[#This Row],[Unit Cost]]*Table146710[[#This Row],[Quantity]] -> 0.65 | L16: 0 | M16: =Table146710[[#This Row],[Quantity]]*AE16-Table146710[[#This Row],[STOCK]] -> 1000 | N16: =IF(Table146710[[#This Row],[Interim Value]]<0,0,Table146710[[#This Row],[Interim Value]]) -> 1000 | O16: =Table146710[[#This Row],[Kitting Quantity]]*Table146710[[#This Row],[Total]] -> 650 | P16: HICOTRONICS | Q16: 60 DAYS CREDIT | R16: 0 | S16: =Table146710[[#This Row],[shortage for 5k kit]]*Table146710[[#This Row],[Total]] -> 0 | AE16: =O1 -> 1000
A17: 12 | B17: DE05024 | C17: 1 | D17: D5 | E17: UF4007 | F17: D0-41 | H17: DIODE INC,HY,MIC | I17: HICOTRONICS | J17: 0.65 | K17: =Table146710[[#This Row],[Unit Cost]]*Table146710[[#This Row],[Quantity]] -> 0.65 | L17: 0 | M17: =Table146710[[#This Row],[Quantity]]*AE17-Table146710[[#This Row],[STOCK]] -> 1000 | N17: =IF(Table146710[[#This Row],[Interim Value]]<0,0,Table146710[[#This Row],[Interim Value]]) -> 1000 | O17: =Table146710[[#This Row],[Kitting Quantity]]*Table146710[[#This Row],[Total]] -> 650 | P17: HICOTRONICS | Q17: 60 DAYS CREDIT | R17: 0 | S17: =Table146710[[#This Row],[shortage for 5k kit]]*Table146710[[#This Row],[Total]] -> 0 | AE17: =O1 -> 1000
A18: 13 | B18: DE05013 | C18: 1 | D18: D6 | E18: MUR460 | F18: DO-201AD | H18: ON SEMI ,HY,DIODE INC | I18: SUNMICRO COMPONENTS | J18: 3.5 | K18: =Table146710[[#This Row],[Unit Cost]]*Table146710[[#This Row],[Quantity]] -> 3.5 | L18: 0 | M18: =Table146710[[#This Row],[Quantity]]*AE18-Table146710[[#This Row],[STOCK]] -> 1000 | N18: =IF(Table146710[[#This Row],[Interim Value]]<0,0,Table146710[[#This Row],[Interim Value]]) -> 1000 | O18: =Table146710[[#This Row],[Kitting Quantity]]*Table146710[[#This Row],[Total]] -> 3500 | P18: HICOTRONICS | Q18: 60 DAYS CREDIT | R18: 5000 | S18: =Table146710[[#This Row],[shortage for 5k kit]]*Table146710[[#This Row],[Total]] -> 17500 | AE18: =O1 -> 1000
A19: 14 | B19: CR18007 | C19: 1 | D19: F1 | E19: 3.15A 250V(SLOW BLOW) | F19: (3.6mm*10mm) | H19: PROTOCON | I19: SUNMICRO COMPONENTS | J19: 2.5 | K19: =Table146710[[#This Row],[Unit Cost]]*Table146710[[#This Row],[Quantity]] -> 2.5 | L19: 0 | M19: =Table146710[[#This Row],[Quantity]]*AE19-Table146710[[#This Row],[STOCK]] -> 1000 | N19: =IF(Table146710[[#This Row],[Interim Value]]<0,0,Table146710[[#This Row],[Interim Value]]) -> 1000 | O19: =Table146710[[#This Row],[Kitting Quantity]]*Table146710[[#This Row],[Total]] -> 2500 | P19: SUN MICRO | Q19: 60 DAYS CREDIT | R19: 5000 | S19: =Table146710[[#This Row],[shortage for 5k kit]]*Table146710[[#This Row],[Total]] -> 12500 | AE19: =O1 -> 1000
A20: 15 | B20: IN08022 | C20: 2 | D20: L1,L2 | E20: 1mH(300mA) | F20: (8*10)drum type 5mm pitch | G20: 0.05 | H20: SEMTRONICS | I20: METRONIX | J20: 5 | K20: =Table146710[[#This Row],[Unit Cost]]*Table146710[[#This Row],[Quantity]] -> 10 | L20: 0 | M20: =Table146710[[#This Row],[Quantity]]*AE20-Table146710[[#This Row],[STOCK]] -> 2000 | N20: =IF(Table146710[[#This Row],[Interim Value]]<0,0,Table146710[[#This Row],[Interim Value]]) -> 2000 | O20: =Table146710[[#This Row],[Kitting Quantity]]*Table146710[[#This Row],[Total]] -> 20000 | P20: AM ELECTRONICS | Q20: 30 DAYS CREDIT | R20: 10000 | S20: =Table146710[[#This Row],[shortage for 5k kit]]*Table146710[[#This Row],[Total]] -> 100000 | AE20: =O1 -> 1000
A21: 16 | B21: MF02009 | C21: 1 | D21: Q1 | E21: 4N80T | F21: TO_220 | H21: FAIRCHILD,HY | I21: SUNMICRO COMPONENTS | J21: 23 | K21: =Table146710[[#This Row],[Unit Cost]]*Table146710[[#This Row],[Quantity]] -> 23 | L21: 0 | M21: =Table146710[[#This Row],[Quantity]]*AE21-Table146710[[#This Row],[STOCK]] -> 1000 | N21: =IF(Table146710[[#This Row],[Interim Value]]<0,0,Table146710[[#This Row],[Interim Value]]) -> 1000 | O21: =Table146710[[#This Row],[Kitting Quantity]]*Table146710[[#This Row],[Total]] -> 23000 | P21: SUN MICRO | Q21: 60 DAYS CREDIT | R21: 0 | S21: =Table146710[[#This Row],[shortage for 5k kit]]*Table146710[[#This Row],[Total]] -> 0 | AE21: =O1 -> 1000
A22: 17 | B22: RS01187 | C22: 2 | D22: R1,R2 | E22: 2M2 | F22: 1/4W | H22: AVX,YAGEO | I22: HICOTRONICS | J22: 0.15 | K22: =Table146710[[#This Row],[Unit Cost]]*Table146710[[#This Row],[Quantity]] -> 0.3 | L22: 0 | M22: =Table146710[[#This Row],[Quantity]]*AE22-Table146710[[#This Row],[STOCK]] -> 2000 | N22: =IF(Table146710[[#This Row],[Interim Value]]<0,0,Table146710[[#This Row],[Interim Value]]) -> 2000 | O22: =Table146710[[#This Row],[Kitting Quantity]]*Table146710[[#This Row],[Total]] -> 600 | P22: SHREE ELECTRONICS | Q22: 60 DAYS PDC CREDIT | R22: 0 | S22: =Table146710[[#This Row],[shortage for 5k kit]]*Table146710[[#This Row],[Total]] -> 0 | AE22: =O1 -> 1000
A23: 18 | B23: RS01176 | C23: 1 | D23: R7 | E23: 10E | F23: R1206 | G23: 0.05 | H23: AVX,YAGEO | I23: HICOTRONICS | J23: 0.08 | K23: =Table146710[[#This Row],[Unit Cost]]*Table146710[[#This Row],[Quantity]] -> 0.08 | L23: 0 | M23: =Table146710[[#This Row],[Quantity]]*AE23-Table146710[[#This Row],[STOCK]] -> 1000 | N23: =IF(Table146710[[#This Row],[Interim Value]]<0,0,Table146710[[#This Row],[Interim Value]]) -> 1000 | O23: =Table146710[[#This Row],[Kitting Quantity]]*Table146710[[#This Row],[Total]] -> 80 | P23: HICOTRONICS | Q23: 60 DAYS CREDIT | R23: 0 | S23: =Table146710[[#This Row],[shortage for 5k kit]]*Table146710[[#This Row],[Total]] -> 0 | AE23: =O1 -> 1000
A24: 19 | B24: RS01181 | C24: 1 | D24: R3 | E24: 150K | F24: 1/2W | G24: 0.05 | H24: AVX,YAGEO | I24: HICOTRONICS | J24: 0.21 | K24: =Table146710[[#This Row],[Unit Cost]]*Table146710[[#This Row],[Quantity]] -> 0.21 | L24: 0 | M24: =Table146710[[#This Row],[Quantity]]*AE24-Table146710[[#This Row],[STOCK]] -> 1000 | N24: =IF(Table146710[[#This Row],[Interim Value]]<0,0,Table146710[[#This Row],[Interim Value]]) -> 1000 | O24: =Table146710[[#This Row],[Kitting Quantity]]*Table146710[[#This Row],[Total]] -> 210 | P24: SHREE ELECTRONICS | Q24: 60 DAYS PDC CREDIT | R24: 0 | S24: =Table146710[[#This Row],[shortage for 5k kit]]*Table146710[[#This Row],[Total]] -> 0 | AE24: =O1 -> 1000
A25: 20 | B25: RS01188 | C25: 1 | D25: R6 | E25: 68E | F25: R1206 | G25: 0.05 | H25: AVX,YAGEO | I25: HICOTRONICS | J25: 0.08 | K25: =Table146710[[#This Row],[Unit Cost]]*Table146710[[#This Row],[Quantity]] -> 0.08 | L25: 0 | M25: =Table146710[[#This Row],[Quantity]]*AE25-Table146710[[#This Row],[STOCK]] -> 1000 | N25: =IF(Table146710[[#This Row],[Interim Value]]<0,0,Table146710[[#This Row],[Interim Value]]) -> 1000 | O25: =Table146710[[#This Row],[Kitting Quantity]]*Table146710[[#This Row],[Total]] -> 80 | P25: HICOTRONICS | Q25: 60 DAYS CREDIT | R25: 0 | S25: =Table146710[[#This Row],[shortage for 5k kit]]*Table146710[[#This Row],[Total]] -> 0 | AE25: =O1 -> 1000
A26: 21 | B26: RS01195 | C26: 1 | D26: R11 | E26: 68K | F26: R1206 | G26: 0.01 | H26: AVX,YAGEO | I26: HICOTRONICS | J26: 0.08 | K26: =Table146710[[#This Row],[Unit Cost]]*Table146710[[#This Row],[Quantity]] -> 0.08 | L26: 5000 | M26: =Table146710[[#This Row],[Quantity]]*AE26-Table146710[[#This Row],[STOCK]] -> -4000 | N26: =IF(Table146710[[#This Row],[Interim Value]]<0,0,Table146710[[#This Row],[Interim Value]]) -> 0 | O26: =Table146710[[#This Row],[Kitting Quantity]]*Table146710[[#This Row],[Total]] -> 0 | P26: HICOTRONICS | Q26: 60 DAYS CREDIT | R26: 0 | S26: =Table146710[[#This Row],[shortage for 5k kit]]*Table146710[[#This Row],[Total]] -> 0 | AE26: =O1 -> 1000
A27: 22 | B27: RS01026 | C27: 1 | D27: R12 | E27: 10K | F27: R1206 | G27: 0.01 | H27: AVX,YAGEO | I27: HICOTRONICS | J27: 0.1 | K27: =Table146710[[#This Row],[Unit Cost]]*Table146710[[#This Row],[Quantity]] -> 0.1 | L27: 5000 | M27: =Table146710[[#This Row],[Quantity]]*AE27-Table146710[[#This Row],[STOCK]] -> -4000 | N27: =IF(Table146710[[#This Row],[Interim Value]]<0,0,Table146710[[#This Row],[Interim Value]]) -> 0 | O27: =Table146710[[#This Row],[Kitting Quantity]]*Table146710[[#This Row],[Total]] -> 0 | P27: HICOTRONICS | Q27: 60 DAYS CREDIT | R27: 0 | S27: =Table146710[[#This Row],[shortage for 5k kit]]*Table146710[[#This Row],[Total]] -> 0 | AE27: =O1 -> 1000
A28: 23 | B28: RS01190 | C28: 1 | D28: R5 | E28: 150K | F28: R1206 | G28: 0.01 | H28: AVX,YAGEO | I28: HICOTRONICS | J28: 0.1 | K28: =Table146710[[#This Row],[Unit Cost]]*Table146710[[#This Row],[Quantity]] -> 0.1 | L28: 0 | M28: =Table146710[[#This Row],[Quantity]]*AE28-Table146710[[#This Row],[STOCK]] -> 1000 | N28: =IF(Table146710[[#This Row],[Interim Value]]<0,0,Table146710[[#This Row],[Interim Value]]) -> 1000 | O28: =Table146710[[#This Row],[Kitting Quantity]]*Table146710[[#This Row],[Total]] -> 100 | P28: HICOTRONICS | Q28: 60 DAYS CREDIT | R28: 0 | S28: =Table146710[[#This Row],[shortage for 5k kit]]*Table146710[[#This Row],[Total]] -> 0 | AE28: =O1 -> 1000
A29: 24 | B29: RS01026 | C29: 1 | D29: R4 | E29: 10K | F29: R1206 | G29: 0.05 | H29: AVX,YAGEO | I29: HICOTRONICS | J29: 0.08 | K29: =Table146710[[#This Row],[Unit Cost]]*Table146710[[#This Row],[Quantity]] -> 0.08 | L29: 0 | M29: =Table146710[[#This Row],[Quantity]]*AE29-Table146710[[#This Row],[STOCK]] -> 1000 | N29: =IF(Table146710[[#This Row],[Interim Value]]<0,0,Table146710[[#This Row],[Interim Value]]) -> 1000 | O29: =Table146710[[#This Row],[Kitting Quantity]]*Table146710[[#This Row],[Total]] -> 80 | P29: HICOTRONICS | Q29: 60 DAYS CREDIT | R29: 0 | S29: =Table146710[[#This Row],[shortage for 5k kit]]*Table146710[[#This Row],[Total]] -> 0 | AE29: =O1 -> 1000
A30: 25 | B30: RS01184 | C30: 1 | D30: R8 | E30: 1R400 | F30: R1206 | G30: 0.01 | H30: AVX,YAGEO | I30: HICOTRONICS | J30: 0.14 | K30: =Table146710[[#This Row],[Unit Cost]]*Table146710[[#This Row],[Quantity]] -> 0.14 | L30: 5000 | M30: =Table146710[[#This Row],[Quantity]]*AE30-Table146710[[#This Row],[STOCK]] -> -4000 | N30: =IF(Table146710[[#This Row],[Interim Value]]<0,0,Table146710[[#This Row],[Interim Value]]) -> 0 | O30: =Table146710[[#This Row],[Kitting Quantity]]*Table146710[[#This Row],[Total]] -> 0 | P30: HICOTRONICS | Q30: 60 DAYS CREDIT | R30: 0 | S30: =Table146710[[#This Row],[shortage for 5k kit]]*Table146710[[#This Row],[Total]] -> 0 | AE30: =O1 -> 1000
A31: 26 | B31: RS01184 | C31: 1 | D31: R9 | E31: 1R400 | F31: R1206 | G31: 0.01 | H31: AVX,YAGEO | I31: HICOTRONICS | J31: 0.14 | K31: =Table146710[[#This Row],[Unit Cost]]*Table146710[[#This Row],[Quantity]] -> 0.14 | L31: 0 | M31: =Table146710[[#This Row],[Quantity]]*AE31-Table146710[[#This Row],[STOCK]] -> 1000 | N31: =IF(Table146710[[#This Row],[Interim Value]]<0,0,Table146710[[#This Row],[Interim Value]]) -> 1000 | O31: =Table146710[[#This Row],[Kitting Quantity]]*Table146710[[#This Row],[Total]] -> 140 | P31: HICOTRONICS | Q31: 60 DAYS CREDIT | R31: 5000 | S31: =Table146710[[#This Row],[shortage for 5k kit]]*Table146710[[#This Row],[Total]] -> 700 | AE31: =O1 -> 1000
A32: 27 | C32: 1 | D32: R10 | E32: NC | F32: R1206 | G32: 0.01 | H32: AVX,YAGEO | K32: =Table146710[[#This Row],[Unit Cost]]*Table146710[[#This Row],[Quantity]] -> 0 | L32: 0 | M32: =Table146710[[#This Row],[Quantity]]*AE32-Table146710[[#This Row],[STOCK]] -> 1000 | N32: =IF(Table146710[[#This Row],[Interim Value]]<0,0,Table146710[[#This Row],[Interim Value]]) -> 1000 | O32: =Table146710[[#This Row],[Kitting Quantity]]*Table146710[[#This Row],[Total]] -> 0 | P32: HICOTRONICS | Q32: 60 DAYS CREDIT | R32: 0 | S32: =Table146710[[#This Row],[shortage for 5k kit]]*Table146710[[#This Row],[Total]] -> 0 | AE32: =O1 -> 1000
A33: 28 | B33: IN08025 | C33: 1 | D33: T1 | E33: EF20 H | F33: MT-10031 | G33: 0.05 | H33: METRONICS | I33: METRONIX | J33: 16 | K33: =Table146710[[#This Row],[Unit Cost]]*Table146710[[#This Row],[Quantity]] -> 16 | L33: 0 | M33: =Table146710[[#This Row],[Quantity]]*AE33-Table146710[[#This Row],[STOCK]] -> 1000 | N33: =IF(Table146710[[#This Row],[Interim Value]]<0,0,Table146710[[#This Row],[Interim Value]]) -> 1000 | O33: =Table146710[[#This Row],[Kitting Quantity]]*Table146710[[#This Row],[Total]] -> 16000 | P33: METRONIX | Q33: 90 DAYS CREDIT | R33: 5000 | S33: =Table146710[[#This Row],[shortage for 5k kit]]*Table146710[[#This Row],[Total]] -> 80000 | AE33: =O1 -> 1000
A34: 29 | B34: IC15015 | C34: 1 | D34: U1 | E34: SM6300B | F34: SOP8 | H34: SEMTRONICS | I34: SEM | J34: 20 | K34: =Table146710[[#This Row],[Unit Cost]]*Table146710[[#This Row],[Quantity]] -> 20 | L34: 0 | M34: =Table146710[[#This Row],[Quantity]]*AE34-Table146710[[#This Row],[STOCK]] -> 1000 | N34: =IF(Table146710[[#This Row],[Interim Value]]<0,0,Table146710[[#This Row],[Interim Value]]) -> 1000 | O34: =Table146710[[#This Row],[Kitting Quantity]]*Table146710[[#This Row],[Total]] -> 20000 | P34: SEM | Q34: IMMEDIATE | R34: 5000 | S34: =Table146710[[#This Row],[shortage for 5k kit]]*Table146710[[#This Row],[Total]] -> 100000 | AE34: =O1 -> 1000
A35: 30 | B35: PCB09075 | C35: 1 | E35: VER DL ES 02 | F35: 34mm*82mm | I35: UNIVERSAL CIRCUTS | J35: 8.4 | K35: =Table146710[[#This Row],[Unit Cost]]*Table146710[[#This Row],[Quantity]] -> 8.4 | L35: 0 | M35: =Table146710[[#This Row],[Quantity]]*AE35-Table146710[[#This Row],[STOCK]] -> 1000 | N35: =IF(Table146710[[#This Row],[Interim Value]]<0,0,Table146710[[#This Row],[Interim Value]]) -> 1000 | O35: =Table146710[[#This Row],[Kitting Quantity]]*Table146710[[#This Row],[Total]] -> 8400 | P35: UNIVERSAL | Q35: 60 DAYS CREDIT | R35: 5000 | S35: =Table146710[[#This Row],[shortage for 5k kit]]*Table146710[[#This Row],[Total]] -> 42000 | AE35: =O1 -> 1000
A36: 31 | B36: HS03003 | C36: 1 | D36: HS1 | E36: HS1 | I36: L S I COMPONENTS | J36: 2.75 | K36: =Table146710[[#This Row],[Unit Cost]]*Table146710[[#This Row],[Quantity]] -> 2.75 | L36: 0 | M36: =Table146710[[#This Row],[Quantity]]*AE36-Table146710[[#This Row],[STOCK]] -> 1000 | N36: =IF(Table146710[[#This Row],[Interim Value]]<0,0,Table146710[[#This Row],[Interim Value]]) -> 1000 | O36: =Table146710[[#This Row],[Kitting Quantity]]*Table146710[[#This Row],[Total]] -> 2750 | P36: LSI COMP | Q36: 60 DAYS CREDIT | R36: 5000 | S36: =Table146710[[#This Row],[shortage for 5k kit]]*Table146710[[#This Row],[Total]] -> 13750 | AE36: =O1 -> 1000
A37: 33 | B37: EQ10045 | C37: 1 | E37: M3 X 6 | F37: SCREW | J37: 0.2 | K37: =Table146710[[#This Row],[Unit Cost]]*Table146710[[#This Row],[Quantity]] -> 0.2 | L37: 0 | M37: =Table146710[[#This Row],[Quantity]]*AE37-Table146710[[#This Row],[STOCK]] -> 1000 | N37: =IF(Table146710[[#This Row],[Interim Value]]<0,0,Table146710[[#This Row],[Interim Value]]) -> 1000 | O37: =Table146710[[#This Row],[Kitting Quantity]]*Table146710[[#This Row],[Total]] -> 200 | Q37: IMMEDIATE | R37: 5000 | S37: =Table146710[[#This Row],[shortage for 5k kit]]*Table146710[[#This Row],[Total]] -> 1000 | AE37: =O1 -> 1000
A38: 34 | B38: ES07043 | C38: 1 | E38: PLASTIC BOX | F38: BIG SIZE | I38: VANSH ELECTRO MACHINACAL | J38: 9 | K38: =Table146710[[#This Row],[Unit Cost]]*Table146710[[#This Row],[Quantity]] -> 9 | L38: 0 | M38: =Table146710[[#This Row],[Quantity]]*AE38-Table146710[[#This Row],[STOCK]] -> 1000 | N38: =IF(Table146710[[#This Row],[Interim Value]]<0,0,Table146710[[#This Row],[Interim Value]]) -> 1000 | O38: =Table146710[[#This Row],[Kitting Quantity]]*Table146710[[#This Row],[Total]] -> 9000 | P38: VANSH ELECTRO | Q38: 15 DAYS CREDIT | R38: 5000 | S38: =Table146710[[#This Row],[shortage for 5k kit]]*Table146710[[#This Row],[Total]] -> 45000 | AE38: =O1 -> 1000
A39: 35 | B39: WR12004 | C39: 3 | E39: 3 INCH PVC WIRE RED | F39: PVC | I39: MAHAVEER | J39: 0.5 | K39: =Table146710[[#This Row],[Unit Cost]]*Table146710[[#This Row],[Quantity]] -> 1.5 | L39: 0 | M39: =Table146710[[#This Row],[Quantity]]*AE39-Table146710[[#This Row],[STOCK]] -> 3000 | N39: =IF(Table146710[[#This Row],[Interim Value]]<0,0,Table146710[[#This Row],[Interim Value]]) -> 3000 | O39: =Table146710[[#This Row],[Kitting Quantity]]*Table146710[[#This Row],[Total]] -> 4500 | Q39: 30 DAYS CREDIT | R39: 0 | S39: =Table146710[[#This Row],[shortage for 5k kit]]*Table146710[[#This Row],[Total]] -> 0 | AE39: =O1 -> 1000
A40: 36 | B40: WR12005 | C40: 1 | E40: 3 INCH PVC WIRE BLACK | F40: PVC | I40: MAHAVEER | J40: 0.5 | K40: =Table146710[[#This Row],[Unit Cost]]*Table146710[[#This Row],[Quantity]] -> 0.5 | L40: 0 | M40: =Table146710[[#This Row],[Quantity]]*AE40-Table146710[[#This Row],[STOCK]] -> 1000 | N40: =IF(Table146710[[#This Row],[Interim Value]]<0,0,Table146710[[#This Row],[Interim Value]]) -> 1000 | O40: =Table146710[[#This Row],[Kitting Quantity]]*Table146710[[#This Row],[Total]] -> 500 | Q40: 30 DAYS CREDIT | R40: 0 | S40: =Table146710[[#This Row],[shortage for 5k kit]]*Table146710[[#This Row],[Total]] -> 0 | AE40: =O1 -> 1000
A41: 37 | B41: EQ10070 | C41: 1 | E41: LABLE STICKER | J41: 1.25 | K41: =Table146710[[#This Row],[Unit Cost]]*Table146710[[#This Row],[Quantity]] -> 1.25 | L41: 0 | M41: =Table146710[[#This Row],[Quantity]]*AE41-Table146710[[#This Row],[STOCK]] -> 1000 | N41: =IF(Table146710[[#This Row],[Interim Value]]<0,0,Table146710[[#This Row],[Interim Value]]) -> 1000 | O41: =Table146710[[#This Row],[Kitting Quantity]]*Table146710[[#This Row],[Total]] -> 1250 | Q41: IMMEDIATE | R41: 0 | S41: =Table146710[[#This Row],[shortage for 5k kit]]*Table146710[[#This Row],[Total]] -> 0 | AE41: =O1 -> 1000
A42: 38 | B42: EQ10069 | C42: 1 | E42: BAR CODE STICKER | J42: 0.3 | K42: =Table146710[[#This Row],[Unit Cost]]*Table146710[[#This Row],[Quantity]] -> 0.3 | L42: 0 | M42: =Table146710[[#This Row],[Quantity]]*AE42-Table146710[[#This Row],[STOCK]] -> 1000 | N42: =IF(Table146710[[#This Row],[Interim Value]]<0,0,Table146710[[#This Row],[Interim Value]]) -> 1000 | O42: =Table146710[[#This Row],[Kitting Quantity]]*Table146710[[#This Row],[Total]] -> 300 | Q42: IMMEDIATE | R42: 0 | S42: =Table146710[[#This Row],[shortage for 5k kit]]*Table146710[[#This Row],[Total]] -> 0 | AE42: =O1 -> 1000
A43: 39 | C43: 1 | E43: EMS COST | H43: EAST INDIA | J43: 12 | K43: =Table146710[[#This Row],[Unit Cost]]*Table146710[[#This Row],[Quantity]] -> 12 | M43: =Table146710[[#This Row],[Quantity]]*AE43-Table146710[[#This Row],[STOCK]] -> 1000 | N43: =IF(Table146710[[#This Row],[Interim Value]]<0,0,Table146710[[#This Row],[Interim Value]]) -> 1000 | O43: =Table146710[[#This Row],[Kitting Quantity]]*Table146710[[#This Row],[Total]] -> 12000 | Q43: 60 DAYS CREDIT | R43: 0 | S43: =Table146710[[#This Row],[shortage for 5k kit]]*Table146710[[#This Row],[Total]] -> 0 | AE43: =O1 -> 1000
A44: Total Electronics Cost | K44: =SUM(K6:K43) -> 136.26 | O44: =SUM(Table146710[PRICE]) -> 164940
B48: T/T | C48: =K42+K41+K37+K34 -> 21.75 | E48: T/T | F48: =N42+N41+N37+N34 -> 4000 | G48: T/T | H48: =P42+P41+P37+P34 -> #VALUE! | I48: T/T | J48: =O42+O41+O37+O34 -> 21750
B49: 7 Days | C49: 0 | E49: 7 Days | F49: 0 | G49: 7 Days | H49: 0 | I49: 7 Days | J49: 0
B50: 15 Days | C50: =K38 -> 9 | E50: 15 Days | F50: =N38 -> 1000 | G50: 15 Days | H50: =P38 -> VANSH ELECTRO | I50: 15 Days | J50: =O38 -> 9000
B51: 30 Days | C51: =K40+K39+K20+K12+K11+K9 -> 16.25 | E51: 30 Days | F51: =N40+N39+N20+N12+N11+N9 -> 9000 | G51: 30 Days | H51: =P40+P39+P20+P12+P11+P9 -> #VALUE! | I51: 30 Days | J51: =O40+O39+O20+O12+O11+O9 -> 29250
B52: 60 Days | C52: =K6+K7+K8+K10+K13+K14+K15+K16+K17+K18+K19+K21+K22+K23+K24+K25+K26+K27+K28+K29+K30+K31+K32+K35+K36+K43 -> 73.26 | E52: 60 Days | F52: =N6+N7+N8+N10+N13+N14+N15+N16+N17+N18+N19+N21+N22+N23+N24+N25+N26+N27+N28+N29+N30+N31+N32+N35+N36+N43 -> 29000 | G52: 60 Days | H52: =P6+P7+P8+P10+P13+P14+P15+P16+P17+P18+P19+P21+P22+P23+P24+P25+P26+P27+P28+P29+P30+P31+P32+P35+P36+P43 -> #VALUE! | I52: 60 Days | J52: =O6+O7+O8+O10+O13+O14+O15+O16+O17+O18+O19+O21+O22+O23+O24+O25+O26+O27+O28+O29+O30+O31+O32+O35+O36+O43 -> 88940
B53: 90 Days | C53: =K33 -> 16 | E53: 90 Days | F53: =N33 -> 1000 | G53: 90 Days | H53: =P33 -> METRONIX | I53: 90 Days | J53: =O33 -> 16000
C54: =SUM(C48:C53) -> 136.26 | J54: =SUM(J48:J53) -> 164940

Sheet 10-15W350mA
A1: Product Code | C1: DR13097 | F1: E- 10W -- 15W<= (30V -- 45V 350mA) Driver BOM list | K1: Kitting Quantity | N1: ='Detail-Planner'!E12 -> 3000
A3: Product Description - 10-15 WATT 350mA
A5: Item | B5: Raw Material Code | C5: Quantity | D5: Reference | E5: Part | F5: Package | G5: Tolerence | H5: Make | I5: Vendor | J5: Unit Cost | K5: Total | L5: STOCK | M5: Interim Value | N5: Kitting Quantity | O5: PRICE | P5: SUPPLIER NAME | Q5: PAYMENT TERMS
A6: 1 | B6: DE05008 | C6: 4 | D6: D1,D2,D3,D4 | E6: 1N4007 | F6: DO-41 | G6: 0.1 | H6: DIODE/HY/VISHAY | I6: HICOTRONICS | J6: 0.35 | K6: =Table14671011[[#This Row],[Unit Cost]]*Table14671011[[#This Row],[Quantity]] -> 1.4 | L6: 0 | M6: =Table14671011[[#This Row],[Quantity]]*AD6-Table14671011[[#This Row],[STOCK]] -> 12000 | N6: =IF(Table14671011[[#This Row],[Interim Value]]<0,0,Table14671011[[#This Row],[Interim Value]]) -> 12000 | O6: =Table14671011[[#This Row],[Kitting Quantity]]*Table14671011[[#This Row],[Total]] -> 16800 | P6: HICOTRONICS | Q6: 60 DAYS CREDIT | AD6: =N1 -> 3000
A7: 2 | B7: CP04064 | C7: 2 | D7: C2,C10 | E7: 100nF 305V AC | F7: X2 BOX CAP (10mm pitch) | G7: 0.05 | H7: EPCOS | I7: HICOTRONICS | J7: 2.75 | K7: =Table14671011[[#This Row],[Unit Cost]]*Table14671011[[#This Row],[Quantity]] -> 5.5 | L7: 0 | M7: =Table14671011[[#This Row],[Quantity]]*AD7-Table14671011[[#This Row],[STOCK]] -> 6000 | N7: =IF(Table14671011[[#This Row],[Interim Value]]<0,0,Table14671011[[#This Row],[Interim Value]]) -> 6000 | O7: =Table14671011[[#This Row],[Kitting Quantity]]*Table14671011[[#This Row],[Total]] -> 33000 | P7: HICOTRONICS | Q7: 60 DAYS CREDIT | AD7: =N1 -> 3000
A8: 3 | B8: CP04007 | C8: 1 | D8: C3 | E8: 103/1KVA | F8: DISC 5mm pitch | G8: 0.05 | H8: YAGEO,AVX,WALSIN | I8: SUNMICRO COMPONENTS | J8: 0.6 | K8: =Table14671011[[#This Row],[Unit Cost]]*Table14671011[[#This Row],[Quantity]] -> 0.6 | L8: 0 | M8: =Table14671011[[#This Row],[Quantity]]*AD8-Table14671011[[#This Row],[STOCK]] -> 3000 | N8: =IF(Table14671011[[#This Row],[Interim Value]]<0,0,Table14671011[[#This Row],[Interim Value]]) -> 3000 | O8: =Table14671011[[#This Row],[Kitting Quantity]]*Table14671011[[#This Row],[Total]] -> 1800 | P8: SUN MICRO | Q8: 60 DAYS CREDIT | AD8: =N1 -> 3000
A9: 4 | B9: CP04014 | C9: 1 | D9: C8 | E9: 22uF/50V (105) | F9: (5mm*11mm)TH 2.5MM pitch | G9: 0.1 | H9: JACKCON/SAMHWA | I9: SUNMICRO COMPONENTS | J9: 0.72 | K9: =Table14671011[[#This Row],[Unit Cost]]*Table14671011[[#This Row],[Quantity]] -> 0.72 | L9: 0 | M9: =Table14671011[[#This Row],[Quantity]]*AD9-Table14671011[[#This Row],[STOCK]] -> 3000 | N9: =IF(Table14671011[[#This Row],[Interim Value]]<0,0,Table14671011[[#This Row],[Interim Value]]) -> 3000 | O9: =Table14671011[[#This Row],[Kitting Quantity]]*Table14671011[[#This Row],[Total]] -> 2160 | P9: G TEK ELECTRO | Q9: 30 DAYS PDC | AD9: =N1 -> 3000
A10: 5 | B10: CP04034 | C10: 1 | D10: C7 | E10: 47pF/50V | F10: C1206 | G10: 0.05 | H10: YAGEO,AVX,WALSIN | I10: HICOTRONICS | J10: 0.5 | K10: =Table14671011[[#This Row],[Unit Cost]]*Table14671011[[#This Row],[Quantity]] -> 0.5 | L10: 0 | M10: =Table14671011[[#This Row],[Quantity]]*AD10-Table14671011[[#This Row],[STOCK]] -> 3000 | N10: =IF(Table14671011[[#This Row],[Interim Value]]<0,0,Table14671011[[#This Row],[Interim Value]]) -> 3000 | O10: =Table14671011[[#This Row],[Kitting Quantity]]*Table14671011[[#This Row],[Total]] -> 1500 | P10: HICOTRONICS | Q10: 60 DAYS CREDIT | AD10: =N1 -> 3000
A11: 6 | B11: RS01006 | C11: 1 | D11: C6 | E11: 1uF/50V 105deg | F11: 4.6mm*10mm (2.5mm pitch) | G11: 0.05 | H11: JACKCON/SAMHWA | I11: SUNMICRO COMPONENTS | J11: 0.63 | K11: =Table14671011[[#This Row],[Unit Cost]]*Table14671011[[#This Row],[Quantity]] -> 0.63 | L11: 0 | M11: =Table14671011[[#This Row],[Quantity]]*AD11-Table14671011[[#This Row],[STOCK]] -> 3000 | N11: =IF(Table14671011[[#This Row],[Interim Value]]<0,0,Table14671011[[#This Row],[Interim Value]]) -> 3000 | O11: =Table14671011[[#This Row],[Kitting Quantity]]*Table14671011[[#This Row],[Total]] -> 1890 | P11: G TEK ELECTRO | Q11: 30 DAYS PDC | AD11: =N1 -> 3000
A12: 7 | B12: CP04061 | C12: 1 | D12: C5 | E12: 220uF,50V 105 deg | F12: (10mm*17mm) 5mm pitch | G12: 0.1 | H12: JACKCON/SAMHWA | I12: SUNMICRO COMPONENTS | J12: 2.9 | K12: =Table14671011[[#This Row],[Unit Cost]]*Table14671011[[#This Row],[Quantity]] -> 2.9 | L12: 0 | M12: =Table14671011[[#This Row],[Quantity]]*AD12-Table14671011[[#This Row],[STOCK]] -> 3000 | N12: =IF(Table14671011[[#This Row],[Interim Value]]<0,0,Table14671011[[#This Row],[Interim Value]]) -> 3000 | O12: =Table14671011[[#This Row],[Kitting Quantity]]*Table14671011[[#This Row],[Total]] -> 8700 | P12: G TEK ELECTRO | Q12: 30 DAYS PDC | AD12: =N1 -> 3000
A13: 8 | B13: MOV11005 | C13: 2 | D13: RV1,RV2 | E13: MOV (14D471K) | F13: 14mm(TH) 7mm pitch | H13: EPCOS,UCHI | I13: HICOTRONICS | J13: 3 | K13: =Table14671011[[#This Row],[Unit Cost]]*Table14671011[[#This Row],[Quantity]] -> 6 | L13: 0 | M13: =Table14671011[[#This Row],[Quantity]]*AD13-Table14671011[[#This Row],[STOCK]] -> 6000 | N13: =IF(Table14671011[[#This Row],[Interim Value]]<0,0,Table14671011[[#This Row],[Interim Value]]) -> 6000 | O13: =Table14671011[[#This Row],[Kitting Quantity]]*Table14671011[[#This Row],[Total]] -> 36000 | P13: HICOTRONICS | Q13: 60 DAYS CREDIT | AD13: =N1 -> 3000
A14: 9 | B14: CP04063 | C14: 1 | D14: C1 | E14: 22nF/275VAC | F14: (13mmL*4mmW*8.5mmH) 10mm pitch | G14: 0.1 | H14: HEL,EPCOS,ETR | I14: SUNMICRO COMPONENTS | J14: 2.75 | K14: =Table14671011[[#This Row],[Unit Cost]]*Table14671011[[#This Row],[Quantity]] -> 2.75 | L14: 0 | M14: =Table14671011[[#This Row],[Quantity]]*AD14-Table14671011[[#This Row],[STOCK]] -> 3000 | N14: =IF(Table14671011[[#This Row],[Interim Value]]<0,0,Table14671011[[#This Row],[Interim Value]]) -> 3000 | O14: =Table14671011[[#This Row],[Kitting Quantity]]*Table14671011[[#This Row],[Total]] -> 8250 | P14: HICOTRONICS | Q14: 60 DAYS CREDIT | AD14: =N1 -> 3000
A15: 10 | B15: CP04027 | C15: 1 | D15: C9 | E15: 2.2nF 275VAC | F15: DISC 7.5mm pitch | I15: SUNMICRO COMPONENTS | J15: 1.75 | K15: =Table14671011[[#This Row],[Unit Cost]]*Table14671011[[#This Row],[Quantity]] -> 1.75 | L15: 0 | M15: =Table14671011[[#This Row],[Quantity]]*AD15-Table14671011[[#This Row],[STOCK]] -> 3000 | N15: =IF(Table14671011[[#This Row],[Interim Value]]<0,0,Table14671011[[#This Row],[Interim Value]]) -> 3000 | O15: =Table14671011[[#This Row],[Kitting Quantity]]*Table14671011[[#This Row],[Total]] -> 5250 | P15: SUN MICRO | Q15: 60 DAYS CREDIT | AD15: =N1 -> 3000
A16: 11 | B16: DE05024 | C16: 1 | D16: D7 | E16: UF4007 | F16: D0-41 | H16: DIODE INC,HY,MIC | I16: HICOTRONICS | J16: 0.65 | K16: =Table14671011[[#This Row],[Unit Cost]]*Table14671011[[#This Row],[Quantity]] -> 0.65 | L16: 0 | M16: =Table14671011[[#This Row],[Quantity]]*AD16-Table14671011[[#This Row],[STOCK]] -> 3000 | N16: =IF(Table14671011[[#This Row],[Interim Value]]<0,0,Table14671011[[#This Row],[Interim Value]]) -> 3000 | O16: =Table14671011[[#This Row],[Kitting Quantity]]*Table14671011[[#This Row],[Total]] -> 1950 | P16: HICOTRONICS | Q16: 60 DAYS CREDIT | AD16: =N1 -> 3000
A17: 12 | B17: DE05024 | C17: 1 | D17: D5 | E17: UF4007 | F17: D0-41 | H17: DIODE INC,HY,MIC | I17: HICOTRONICS | J17: 0.65 | K17: =Table14671011[[#This Row],[Unit Cost]]*Table14671011[[#This Row],[Quantity]] -> 0.65 | L17: 0 | M17: =Table14671011[[#This Row],[Quantity]]*AD17-Table14671011[[#This Row],[STOCK]] -> 3000 | N17: =IF(Table14671011[[#This Row],[Interim Value]]<0,0,Table14671011[[#This Row],[Interim Value]]) -> 3000 | O17: =Table14671011[[#This Row],[Kitting Quantity]]*Table14671011[[#This Row],[Total]] -> 1950 | P17: HICOTRONICS | Q17: 60 DAYS CREDIT | AD17: =N1 -> 3000
A18: 13 | B18: DE05013 | C18: 1 | D18: D6 | E18: MUR460 | F18: DO-201AD | H18: ON SEMI ,HY,DIODE INC | I18: SUNMICRO COMPONENTS | J18: 3.5 | K18: =Table14671011[[#This Row],[Unit Cost]]*Table14671011[[#This Row],[Quantity]] -> 3.5 | L18: 0 | M18: =Table14671011[[#This Row],[Quantity]]*AD18-Table14671011[[#This Row],[STOCK]] -> 3000 | N18: =IF(Table14671011[[#This Row],[Interim Value]]<0,0,Table14671011[[#This Row],[Interim Value]]) -> 3000 | O18: =Table14671011[[#This Row],[Kitting Quantity]]*Table14671011[[#This Row],[Total]] -> 10500 | P18: HICOTRONICS | Q18: 60 DAYS CREDIT | AD18: =N1 -> 3000
A19: 14 | B19: CR18007 | C19: 1 | D19: F1 | E19: 3.15A 250V(SLOW BLOW) | F19: (3.6mm*10mm) | H19: PROTOCON | I19: SUNMICRO COMPONENTS | J19: 2.5 | K19: =Table14671011[[#This Row],[Unit Cost]]*Table14671011[[#This Row],[Quantity]] -> 2.5 | L19: 0 | M19: =Table14671011[[#This Row],[Quantity]]*AD19-Table14671011[[#This Row],[STOCK]] -> 3000 | N19: =IF(Table14671011[[#This Row],[Interim Value]]<0,0,Table14671011[[#This Row],[Interim Value]]) -> 3000 | O19: =Table14671011[[#This Row],[Kitting Quantity]]*Table14671011[[#This Row],[Total]] -> 7500 | P19: SUN MICRO | Q19: 60 DAYS CREDIT | AD19: =N1 -> 3000
A20: 15 | B20: IN08022 | C20: 2 | D20: L1,L2 | E20: 1mH(300mA) | F20: (8*10)drum type 5mm pitch | G20: 0.05 | H20: SEMTRONICS | I20: METRONIX | J20: 5 | K20: =Table14671011[[#This Row],[Unit Cost]]*Table14671011[[#This Row],[Quantity]] -> 10 | L20: 0 | M20: =Table14671011[[#This Row],[Quantity]]*AD20-Table14671011[[#This Row],[STOCK]] -> 6000 | N20: =IF(Table14671011[[#This Row],[Interim Value]]<0,0,Table14671011[[#This Row],[Interim Value]]) -> 6000 | O20: =Table14671011[[#This Row],[Kitting Quantity]]*Table14671011[[#This Row],[Total]] -> 60000 | P20: AM ELECTRONICS | Q20: 30 DAYS CREDIT | AD20: =N1 -> 3000
A21: 16 | B21: MF02009 | C21: 1 | D21: Q1 | E21: 4N80T | F21: TO_220 | H21: FAIRCHILD,HY | I21: SUNMICRO COMPONENTS | J21: 23 | K21: =Table14671011[[#This Row],[Unit Cost]]*Table14671011[[#This Row],[Quantity]] -> 23 | L21: 0 | M21: =Table14671011[[#This Row],[Quantity]]*AD21-Table14671011[[#This Row],[STOCK]] -> 3000 | N21: =IF(Table14671011[[#This Row],[Interim Value]]<0,0,Table14671011[[#This Row],[Interim Value]]) -> 3000 | O21: =Table14671011[[#This Row],[Kitting Quantity]]*Table14671011[[#This Row],[Total]] -> 69000 | P21: SUN MICRO | Q21: 60 DAYS CREDIT | AD21: =N1 -> 3000
A22: 17 | B22: RS01187 | C22: 2 | D22: R1,R2 | E22: 2M2 | F22: 1/4W | H22: AVX,YAGEO | I22: HICOTRONICS | J22: 0.15 | K22: =Table14671011[[#This Row],[Unit Cost]]*Table14671011[[#This Row],[Quantity]] -> 0.3 | L22: 0 | M22: =Table14671011[[#This Row],[Quantity]]*AD22-Table14671011[[#This Row],[STOCK]] -> 6000 | N22: =IF(Table14671011[[#This Row],[Interim Value]]<0,0,Table14671011[[#This Row],[Interim Value]]) -> 6000 | O22: =Table14671011[[#This Row],[Kitting Quantity]]*Table14671011[[#This Row],[Total]] -> 1800 | P22: SHREE ELECTRONICS | Q22: 60 DAYS PDC CREDIT | AD22: =N1 -> 3000
A23: 18 | B23: RS01176 | C23: 1 | D23: R7 | E23: 10E | F23: R1206 | G23: 0.05 | H23: AVX,YAGEO | I23: HICOTRONICS | J23: 0.08 | K23: =Table14671011[[#This Row],[Unit Cost]]*Table14671011[[#This Row],[Quantity]] -> 0.08 | L23: 0 | M23: =Table14671011[[#This Row],[Quantity]]*AD23-Table14671011[[#This Row],[STOCK]] -> 3000 | N23: =IF(Table14671011[[#This Row],[Interim Value]]<0,0,Table14671011[[#This Row],[Interim Value]]) -> 3000 | O23: =Table14671011[[#This Row],[Kitting Quantity]]*Table14671011[[#This Row],[Total]] -> 240 | P23: HICOTRONICS | Q23: 60 DAYS CREDIT | AD23: =N1 -> 3000
A24: 19 | B24: RS01181 | C24: 1 | D24: R3 | E24: 150K | F24: 1/2W | G24: 0.05 | H24: AVX,YAGEO | I24: HICOTRONICS | J24: 0.21 | K24: =Table14671011[[#This Row],[Unit Cost]]*Table14671011[[#This Row],[Quantity]] -> 0.21 | L24: 0 | M24: =Table14671011[[#This Row],[Quantity]]*AD24-Table14671011[[#This Row],[STOCK]] -> 3000 | N24: =IF(Table14671011[[#This Row],[Interim Value]]<0,0,Table14671011[[#This Row],[Interim Value]]) -> 3000 | O24: =Table14671011[[#This Row],[Kitting Quantity]]*Table14671011[[#This Row],[Total]] -> 630 | P24: SHREE ELECTRONICS | Q24: 60 DAYS PDC CREDIT | AD24: =N1 -> 3000
A25: 20 | B25: RS01188 | C25: 1 | D25: R6 | E25: 68E | F25: R1206 | G25: 0.05 | H25: AVX,YAGEO | I25: HICOTRONICS | J25: 0.08 | K25: =Table14671011[[#This Row],[Unit Cost]]*Table14671011[[#This Row],[Quantity]] -> 0.08 | L25: 0 | M25: =Table14671011[[#This Row],[Quantity]]*AD25-Table14671011[[#This Row],[STOCK]] -> 3000 | N25: =IF(Table14671011[[#This Row],[Interim Value]]<0,0,Table14671011[[#This Row],[Interim Value]]) -> 3000 | O25: =Table14671011[[#This Row],[Kitting Quantity]]*Table14671011[[#This Row],[Total]] -> 240 | P25: HICOTRONICS | Q25: 60 DAYS CREDIT | AD25: =N1 -> 3000
A26: 21 | B26: RS01183 | C26: 1 | D26: R11 | E26: 56K | F26: R1206 | G26: 0.01 | H26: AVX,YAGEO | I26: HICOTRONICS | J26: 0.08 | K26: =Table14671011[[#This Row],[Unit Cost]]*Table14671011[[#This Row],[Quantity]] -> 0.08 | L26: 5000 | M26: =Table14671011[[#This Row],[Quantity]]*AD26-Table14671011[[#This Row],[STOCK]] -> -2000 | N26: =IF(Table14671011[[#This Row],[Interim Value]]<0,0,Table14671011[[#This Row],[Interim Value]]) -> 0 | O26: =Table14671011[[#This Row],[Kitting Quantity]]*Table14671011[[#This Row],[Total]] -> 0 | P26: HICOTRONICS | Q26: 60 DAYS CREDIT | AD26: =N1 -> 3000
A27: 22 | B27: RS01018 | C27: 1 | D27: R12 | E27: 7.5K | F27: R1206 | G27: 0.01 | H27: AVX,YAGEO | I27: HICOTRONICS | J27: 0.1 | K27: =Table14671011[[#This Row],[Unit Cost]]*Table14671011[[#This Row],[Quantity]] -> 0.1 | L27: 5000 | M27: =Table14671011[[#This Row],[Quantity]]*AD27-Table14671011[[#This Row],[STOCK]] -> -2000 | N27: =IF(Table14671011[[#This Row],[Interim Value]]<0,0,Table14671011[[#This Row],[Interim Value]]) -> 0 | O27: =Table14671011[[#This Row],[Kitting Quantity]]*Table14671011[[#This Row],[Total]] -> 0 | P27: HICOTRONICS | Q27: 60 DAYS CREDIT | AD27: =N1 -> 3000
A28: 23 | B28: RS01190 | C28: 1 | D28: R5 | E28: 150K | F28: R1206 | G28: 0.01 | H28: AVX,YAGEO | I28: HICOTRONICS | J28: 0.1 | K28: =Table14671011[[#This Row],[Unit Cost]]*Table14671011[[#This Row],[Quantity]] -> 0.1 | L28: 0 | M28: =Table14671011[[#This Row],[Quantity]]*AD28-Table14671011[[#This Row],[STOCK]] -> 3000 | N28: =IF(Table14671011[[#This Row],[Interim Value]]<0,0,Table14671011[[#This Row],[Interim Value]]) -> 3000 | O28: =Table14671011[[#This Row],[Kitting Quantity]]*Table14671011[[#This Row],[Total]] -> 300 | P28: HICOTRONICS | Q28: 60 DAYS CREDIT | AD28: =N1 -> 3000
A29: 24 | B29: RS01026 | C29: 1 | D29: R4 | E29: 10K | F29: R1206 | G29: 0.05 | H29: AVX,YAGEO | I29: HICOTRONICS | J29: 0.08 | K29: =Table14671011[[#This Row],[Unit Cost]]*Table14671011[[#This Row],[Quantity]] -> 0.08 | L29: 0 | M29: =Table14671011[[#This Row],[Quantity]]*AD29-Table14671011[[#This Row],[STOCK]] -> 3000 | N29: =IF(Table14671011[[#This Row],[Interim Value]]<0,0,Table14671011[[#This Row],[Interim Value]]) -> 3000 | O29: =Table14671011[[#This Row],[Kitting Quantity]]*Table14671011[[#This Row],[Total]] -> 240 | P29: HICOTRONICS | Q29: 60 DAYS CREDIT | AD29: =N1 -> 3000
A30: 25 | B30: RS01130 | C30: 1 | D30: R8 | E30: 1R300 | F30: R1206 | G30: 0.01 | H30: AVX,YAGEO | I30: HICOTRONICS | J30: 0.14 | K30: =Table14671011[[#This Row],[Unit Cost]]*Table14671011[[#This Row],[Quantity]] -> 0.14 | L30: 5000 | M30: =Table14671011[[#This Row],[Quantity]]*AD30-Table14671011[[#This Row],[STOCK]] -> -2000 | N30: =IF(Table14671011[[#This Row],[Interim Value]]<0,0,Table14671011[[#This Row],[Interim Value]]) -> 0 | O30: =Table14671011[[#This Row],[Kitting Quantity]]*Table14671011[[#This Row],[Total]] -> 0 | P30: HICOTRONICS | Q30: 60 DAYS CREDIT | AD30: =N1 -> 3000
A31: 26 | B31: RS01106 | C31: 1 | D31: R9 | E31: 1R100 | F31: R1206 | G31: 0.01 | H31: AVX,YAGEO | I31: HICOTRONICS | J31: 0.14 | K31: =Table14671011[[#This Row],[Unit Cost]]*Table14671011[[#This Row],[Quantity]] -> 0.14 | L31: 0 | M31: =Table14671011[[#This Row],[Quantity]]*AD31-Table14671011[[#This Row],[STOCK]] -> 3000 | N31: =IF(Table14671011[[#This Row],[Interim Value]]<0,0,Table14671011[[#This Row],[Interim Value]]) -> 3000 | O31: =Table14671011[[#This Row],[Kitting Quantity]]*Table14671011[[#This Row],[Total]] -> 420 | P31: HICOTRONICS | Q31: 60 DAYS CREDIT | AD31: =N1 -> 3000
A32: 27 | C32: 1 | D32: R10 | E32: NC | F32: R1206 | G32: 0.01 | H32: AVX,YAGEO | K32: =Table14671011[[#This Row],[Unit Cost]]*Table14671011[[#This Row],[Quantity]] -> 0 | L32: 0 | M32: =Table14671011[[#This Row],[Quantity]]*AD32-Table14671011[[#This Row],[STOCK]] -> 3000 | N32: =IF(Table14671011[[#This Row],[Interim Value]]<0,0,Table14671011[[#This Row],[Interim Value]]) -> 3000 | O32: =Table14671011[[#This Row],[Kitting Quantity]]*Table14671011[[#This Row],[Total]] -> 0 | P32: HICOTRONICS | Q32: 60 DAYS CREDIT | AD32: =N1 -> 3000
A33: 28 | B33: IN08025 | C33: 1 | D33: T1 | E33: EF20 H | F33: MT-10031 | G33: 0.05 | H33: METRONICS | I33: METRONIX | J33: 16 | K33: =Table14671011[[#This Row],[Unit Cost]]*Table14671011[[#This Row],[Quantity]] -> 16 | L33: 0 | M33: =Table14671011[[#This Row],[Quantity]]*AD33-Table14671011[[#This Row],[STOCK]] -> 3000 | N33: =IF(Table14671011[[#This Row],[Interim Value]]<0,0,Table14671011[[#This Row],[Interim Value]]) -> 3000 | O33: =Table14671011[[#This Row],[Kitting Quantity]]*Table14671011[[#This Row],[Total]] -> 48000 | P33: METRONIX | Q33: 90 DAYS CREDIT | AD33: =N1 -> 3000
A34: 29 | B34: IC15015 | C34: 1 | D34: U1 | E34: SM6300B | F34: SOP8 | H34: SEMTRONICS | I34: SEM | J34: 20 | K34: =Table14671011[[#This Row],[Unit Cost]]*Table14671011[[#This Row],[Quantity]] -> 20 | L34: 0 | M34: =Table14671011[[#This Row],[Quantity]]*AD34-Table14671011[[#This Row],[STOCK]] -> 3000 | N34: =IF(Table14671011[[#This Row],[Interim Value]]<0,0,Table14671011[[#This Row],[Interim Value]]) -> 3000 | O34: =Table14671011[[#This Row],[Kitting Quantity]]*Table14671011[[#This Row],[Total]] -> 60000 | P34: SEM | Q34: IMMEDIATE | AD34: =N1 -> 3000
A35: 30 | B35: PCB09075 | C35: 1 | E35: VER DL ES 02 | F35: 34mm*82mm | I35: UNIVERSAL CIRCUTS | J35: 8.4 | K35: =Table14671011[[#This Row],[Unit Cost]]*Table14671011[[#This Row],[Quantity]] -> 8.4 | L35: 0 | M35: =Table14671011[[#This Row],[Quantity]]*AD35-Table14671011[[#This Row],[STOCK]] -> 3000 | N35: =IF(Table14671011[[#This Row],[Interim Value]]<0,0,Table14671011[[#This Row],[Interim Value]]) -> 3000 | O35: =Table14671011[[#This Row],[Kitting Quantity]]*Table14671011[[#This Row],[Total]] -> 25200 | P35: UNIVERSAL | Q35: 60 DAYS CREDIT | AD35: =N1 -> 3000
A36: 31 | B36: HS03003 | C36: 1 | D36: HS1 | E36: HS1 | I36: L S I COMPONENTS | J36: 2.75 | K36: =Table14671011[[#This Row],[Unit Cost]]*Table14671011[[#This Row],[Quantity]] -> 2.75 | L36: 0 | M36: =Table14671011[[#This Row],[Quantity]]*AD36-Table14671011[[#This Row],[STOCK]] -> 3000 | N36: =IF(Table14671011[[#This Row],[Interim Value]]<0,0,Table14671011[[#This Row],[Interim Value]]) -> 3000 | O36: =Table14671011[[#This Row],[Kitting Quantity]]*Table14671011[[#This Row],[Total]] -> 8250 | P36: LSI COMP | Q36: 60 DAYS CREDIT | AD36: =N1 -> 3000
A37: 33 | B37: EQ10045 | C37: 1 | E37: M3 X 6 | F37: SCREW | J37: 0.2 | K37: =Table14671011[[#This Row],[Unit Cost]]*Table14671011[[#This Row],[Quantity]] -> 0.2 | L37: 0 | M37: =Table14671011[[#This Row],[Quantity]]*AD37-Table14671011[[#This Row],[STOCK]] -> 3000 | N37: =IF(Table14671011[[#This Row],[Interim Value]]<0,0,Table14671011[[#This Row],[Interim Value]]) -> 3000 | O37: =Table14671011[[#This Row],[Kitting Quantity]]*Table14671011[[#This Row],[Total]] -> 600 | Q37: IMMEDIATE | AD37: =N1 -> 3000
A38: 34 | B38: ES07043 | C38: 1 | E38: PLASTIC BOX | F38: BIG SIZE | I38: VANSH ELECTRO MACHINACAL | J38: 9 | K38: =Table14671011[[#This Row],[Unit Cost]]*Table14671011[[#This Row],[Quantity]] -> 9 | L38: 0 | M38: =Table14671011[[#This Row],[Quantity]]*AD38-Table14671011[[#This Row],[STOCK]] -> 3000 | N38: =IF(Table14671011[[#This Row],[Interim Value]]<0,0,Table14671011[[#This Row],[Interim Value]]) -> 3000 | O38: =Table14671011[[#This Row],[Kitting Quantity]]*Table14671011[[#This Row],[Total]] -> 27000 | P38: VANSH ELECTRO | Q38: 15 DAYS CREDIT | AD38: =N1 -> 3000
A39: 35 | B39: WR12004 | C39: 3 | E39: 3 INCH PVC WIRE RED | F39: PVC | I39: MAHAVEER | J39: 0.5 | K39: =Table14671011[[#This Row],[Unit Cost]]*Table14671011[[#This Row],[Quantity]] -> 1.5 | L39: 0 | M39: =Table14671011[[#This Row],[Quantity]]*AD39-Table14671011[[#This Row],[STOCK]] -> 9000 | N39: =IF(Table14671011[[#This Row],[Interim Value]]<0,0,Table14671011[[#This Row],[Interim Value]]) -> 9000 | O39: =Table14671011[[#This Row],[Kitting Quantity]]*Table14671011[[#This Row],[Total]] -> 13500 | Q39: 30 DAYS PDC | AD39: =N1 -> 3000
A40: 36 | B40: WR12005 | C40: 1 | E40: 3 INCH PVC WIRE BLACK | F40: PVC | I40: MAHAVEER | J40: 0.5 | K40: =Table14671011[[#This Row],[Unit Cost]]*Table14671011[[#This Row],[Quantity]] -> 0.5 | L40: 0 | M40: =Table14671011[[#This Row],[Quantity]]*AD40-Table14671011[[#This Row],[STOCK]] -> 3000 | N40: =IF(Table14671011[[#This Row],[Interim Value]]<0,0,Table14671011[[#This Row],[Interim Value]]) -> 3000 | O40: =Table14671011[[#This Row],[Kitting Quantity]]*Table14671011[[#This Row],[Total]] -> 1500 | Q40: 30 DAYS PDC | AD40: =N1 -> 3000
A41: 37 | B41: EQ10070 | C41: 1 | E41: LABLE STICKER | J41: 1.25 | K41: =Table14671011[[#This Row],[Unit Cost]]*Table14671011[[#This Row],[Quantity]] -> 1.25 | L41: 0 | M41: =Table14671011[[#This Row],[Quantity]]*AD41-Table14671011[[#This Row],[STOCK]] -> 3000 | N41: =IF(Table14671011[[#This Row],[Interim Value]]<0,0,Table14671011[[#This Row],[Interim Value]]) -> 3000 | O41: =Table14671011[[#This Row],[Kitting Quantity]]*Table14671011[[#This Row],[Total]] -> 3750 | Q41: IMMEDIATE | AD41: =N1 -> 3000
A42: 38 | B42: EQ10069 | C42: 1 | E42: BAR CODE STICKER | J42: 0.3 | K42: =Table14671011[[#This Row],[Unit Cost]]*Table14671011[[#This Row],[Quantity]] -> 0.3 | L42: 0 | M42: =Table14671011[[#This Row],[Quantity]]*AD42-Table14671011[[#This Row],[STOCK]] -> 3000 | N42: =IF(Table14671011[[#This Row],[Interim Value]]<0,0,Table14671011[[#This Row],[Interim Value]]) -> 3000 | O42: =Table14671011[[#This Row],[Kitting Quantity]]*Table14671011[[#This Row],[Total]] -> 900 | Q42: IMMEDIATE | AD42: =N1 -> 3000
A43: 39 | C43: 1 | E43: EMS COST | I43: EAST INDIA | J43: 12 | K43: =Table14671011[[#This Row],[Unit Cost]]*Table14671011[[#This Row],[Quantity]] -> 12 | M43: =Table14671011[[#This Row],[Quantity]]*AD43-Table14671011[[#This Row],[STOCK]] -> 3000 | N43: =IF(Table14671011[[#This Row],[Interim Value]]<0,0,Table14671011[[#This Row],[Interim Value]]) -> 3000 | O43: =Table14671011[[#This Row],[Kitting Quantity]]*Table14671011[[#This Row],[Total]] -> 36000 | Q43: 60 DAYS CREDIT | AD43: =N1 -> 3000
A44: Total Electronics Cost | K44: =SUBTOTAL(109,Table14671011[Total]) -> 136.26 | O44: =SUM(Table14671011[PRICE]) -> 494820
B47: T/T | C47: =K42+K41+K37+K34 -> 21.75 | E47: T/T | F47: =N42+N41+N37+N34 -> 12000 | G47: T/T | H47: =P42+P41+P37+P34 -> #VALUE! | I47: T/T | J47: =O42+O41+O37+O34 -> 65250
B48: 7 Days | C48: 0 | E48: 7 Days | F48: 0 | G48: 7 Days | H48: 0 | I48: 7 Days | J48: 0
B49: 15 Days | C49: =K38 -> 9 | E49: 15 Days | F49: =N38 -> 3000 | G49: 15 Days | H49: =P38 -> VANSH ELECTRO | I49: 15 Days | J49: =O38 -> 27000
B50: 30 Days | C50: =K40+K39+K20+K12+K11+K9 -> 16.25 | E50: 30 Days | F50: =N40+N39+N20+N12+N11+N9 -> 27000 | G50: 30 Days | H50: =P40+P39+P20+P12+P11+P9 -> #VALUE! | I50: 30 Days | J50: =O40+O39+O20+O12+O11+O9 -> 87750
B51: 60 Days | C51: =K43+K36+K35+K31+K30+K29+K28+K27+K26+K25+K24+K23+K22+K21+K19+K18+K17+K16+K15+K14+K13+K10+K8+K7+K6 -> 73.26 | E51: 60 Days | F51: =N43+N36+N35+N31+N30+N29+N28+N27+N26+N25+N24+N23+N22+N21+N19+N18+N17+N16+N15+N14+N13+N10+N8+N7+N6 -> 84000 | G51: 60 Days | H51: =P43+P36+P35+P31+P30+P29+P28+P27+P26+P25+P24+P23+P22+P21+P19+P18+P17+P16+P15+P14+P13+P10+P8+P7+P6 -> #VALUE! | I51: 60 Days | J51: =O43+O36+O35+O31+O30+O29+O28+O27+O26+O25+O24+O23+O22+O21+O19+O18+O17+O16+O15+O14+O13+O10+O8+O7+O6 -> 266820
B52: 90 Days | C52: =K33 -> 16 | E52: 90 Days | F52: =N33 -> 3000 | G52: 90 Days | H52: =P33 -> METRONIX | I52: 90 Days | J52: =O33 -> 48000
C53: =SUM(C47:C52) -> 136.26 | J53: =SUM(J47:J52) -> 494820

Sheet 10-15W450mA
A1: Product Code | C1: DR13094 | E1: F-15W 450mA (22V -- 28V 450mA) Driver BOM list(12W Nichia Sqr PCB & Taiwan both Sqr & Round PCB) | O1: Kitting Quantity | P1: ='Detail-Planner'!E13 -> 1000
A3: Product Description - 10-15 WATT 450mA
A5: Item | B5: Raw Material Code | C5: Quantity | D5: Reference | E5: Part | F5: Package | G5: Tolerence | H5: Make | I5: Vendor | J5: Unit Cost | K5: Total | L5: STOCK | M5: Interim Value | N5: Interim Value2 | O5: Kitting Quantity | P5: PRICE | Q5: SUPPLIER NAME | R5: PAYMENT TERMS
A6: 1 | B6: DE05008 | C6: 4 | D6: D1,D2,D3,D4 | E6: 1N4007 | F6: DO-41 | G6: 0.1 | H6: DIODE/HY/VISHAY | I6: HICOTRONICS | J6: 0.35 | K6: =Table1467[[#This Row],[Unit Cost]]*Table1467[[#This Row],[Quantity]] -> 1.4 | L6: 0 | M6: =Table1467[[#This Row],[Quantity]]*AB6-Table1467[[#This Row],[STOCK]] -> 4000 | N6: =Table1467[[#This Row],[Quantity]]*AB6-Table1467[[#This Row],[STOCK]] -> 4000 | O6: =IF(Table1467[[#This Row],[Interim Value]]<0,0,Table1467[[#This Row],[Interim Value]]) -> 4000 | P6: =Table1467[[#This Row],[Kitting Quantity]]*Table1467[[#This Row],[Total]] -> 5600 | Q6: HICOTRONICS | R6: 60 DAYS CREDIT | AB6: =P1 -> 1000
A7: 2 | B7: CP04043 | C7: 2 | D7: C2,C10 | E7: 0.1uF 275V AC | F7: X2 BOX CAP (10mm pitch) | G7: 0.05 | H7: EPCOS | I7: HICOTRONICS | J7: 1.5 | K7: =Table1467[[#This Row],[Unit Cost]]*Table1467[[#This Row],[Quantity]] -> 3 | L7: 0 | M7: =Table1467[[#This Row],[Quantity]]*AB7-Table1467[[#This Row],[STOCK]] -> 2000 | N7: =Table1467[[#This Row],[Quantity]]*AB7-Table1467[[#This Row],[STOCK]] -> 2000 | O7: =IF(Table1467[[#This Row],[Interim Value]]<0,0,Table1467[[#This Row],[Interim Value]]) -> 2000 | P7: =Table1467[[#This Row],[Kitting Quantity]]*Table1467[[#This Row],[Total]] -> 6000 | Q7: HICOTRONICS | R7: 60 DAYS CREDIT | AB7: =P1 -> 1000
A8: 3 | B8: CP04007 | C8: 1 | D8: C3 | E8: 103/1KVA | F8: DISC 5mm pitch | G8: 0.05 | H8: YAGEO,AVX,WALSIN | I8: SUNMICRO COMPONENTS | J8: 0.6 | K8: =Table1467[[#This Row],[Unit Cost]]*Table1467[[#This Row],[Quantity]] -> 0.6 | L8: 0 | M8: =Table1467[[#This Row],[Quantity]]*AB8-Table1467[[#This Row],[STOCK]] -> 1000 | N8: =Table1467[[#This Row],[Quantity]]*AB8-Table1467[[#This Row],[STOCK]] -> 1000 | O8: =IF(Table1467[[#This Row],[Interim Value]]<0,0,Table1467[[#This Row],[Interim Value]]) -> 1000 | P8: =Table1467[[#This Row],[Kitting Quantity]]*Table1467[[#This Row],[Total]] -> 600 | Q8: SUN MICRO | R8: 60 DAYS CREDIT | AB8: =P1 -> 1000
A9: 4 | B9: CP04014 | C9: 1 | D9: C8 | E9: 22uF/50V (105) | F9: (5mm*11mm)TH 2.5MM pitch | G9: 0.1 | H9: JACKCON/SAMHWA | I9: SUNMICRO COMPONENTS | J9: 0.72 | K9: =Table1467[[#This Row],[Unit Cost]]*Table1467[[#This Row],[Quantity]] -> 0.72 | L9: 0 | M9: =Table1467[[#This Row],[Quantity]]*AB9-Table1467[[#This Row],[STOCK]] -> 1000 | N9: =Table1467[[#This Row],[Quantity]]*AB9-Table1467[[#This Row],[STOCK]] -> 1000 | O9: =IF(Table1467[[#This Row],[Interim Value]]<0,0,Table1467[[#This Row],[Interim Value]]) -> 1000 | P9: =Table1467[[#This Row],[Kitting Quantity]]*Table1467[[#This Row],[Total]] -> 720 | Q9: G TEK ELECTRO | R9: 30 DAYS PDC | AB9: =P1 -> 1000
A10: 5 | B10: CP04034 | C10: 1 | D10: C7 | E10: 47pF/50V | F10: C1206 | G10: 0.05 | H10: YAGEO,AVX,WALSIN | I10: HICOTRONICS | J10: 0.6 | K10: =Table1467[[#This Row],[Unit Cost]]*Table1467[[#This Row],[Quantity]] -> 0.6 | L10: 0 | M10: =Table1467[[#This Row],[Quantity]]*AB10-Table1467[[#This Row],[STOCK]] -> 1000 | N10: =Table1467[[#This Row],[Quantity]]*AB10-Table1467[[#This Row],[STOCK]] -> 1000 | O10: =IF(Table1467[[#This Row],[Interim Value]]<0,0,Table1467[[#This Row],[Interim Value]]) -> 1000 | P10: =Table1467[[#This Row],[Kitting Quantity]]*Table1467[[#This Row],[Total]] -> 600 | Q10: HICOTRONICS | R10: 60 DAYS CREDIT | AB10: =P1 -> 1000
A11: 6 | B11: RS01006 | C11: 1 | D11: C6 | E11: 1uF/50V 105deg | F11: 4.6mm*10mm (2.5mm pitch) | G11: 0.05 | H11: JACKCON/SAMHWA | I11: SUNMICRO COMPONENTS | J11: 0.63 | K11: =Table1467[[#This Row],[Unit Cost]]*Table1467[[#This Row],[Quantity]] -> 0.63 | L11: 0 | M11: =Table1467[[#This Row],[Quantity]]*AB11-Table1467[[#This Row],[STOCK]] -> 1000 | N11: =Table1467[[#This Row],[Quantity]]*AB11-Table1467[[#This Row],[STOCK]] -> 1000 | O11: =IF(Table1467[[#This Row],[Interim Value]]<0,0,Table1467[[#This Row],[Interim Value]]) -> 1000 | P11: =Table1467[[#This Row],[Kitting Quantity]]*Table1467[[#This Row],[Total]] -> 630 | Q11: G TEK ELECTRO | R11: 30 DAYS PDC | AB11: =P1 -> 1000
A12: 7 | B12: CP04061 | C12: 1 | D12: C5 | E12: 220uF,50V 105 deg | F12: (10mm*17mm) 5mm pitch | G12: 0.1 | H12: JACKCON/SAMHWA | I12: SUNMICRO COMPONENTS | J12: 2.9 | K12: =Table1467[[#This Row],[Unit Cost]]*Table1467[[#This Row],[Quantity]] -> 2.9 | L12: 0 | M12: =Table1467[[#This Row],[Quantity]]*AB12-Table1467[[#This Row],[STOCK]] -> 1000 | N12: =Table1467[[#This Row],[Quantity]]*AB12-Table1467[[#This Row],[STOCK]] -> 1000 | O12: =IF(Table1467[[#This Row],[Interim Value]]<0,0,Table1467[[#This Row],[Interim Value]]) -> 1000 | P12: =Table1467[[#This Row],[Kitting Quantity]]*Table1467[[#This Row],[Total]] -> 2900 | Q12: G TEK ELECTRO | R12: 30 DAYS PDC | AB12: =P1 -> 1000
A13: 8 | B13: MOV11005 | C13: 2 | D13: RV1,RV2 | E13: MOV (14D471K) | F13: 14mm(TH) 7mm pitch | H13: EPCOS,UCHI | I13: HICOTRONICS | J13: 3 | K13: =Table1467[[#This Row],[Unit Cost]]*Table1467[[#This Row],[Quantity]] -> 6 | L13: 0 | M13: =Table1467[[#This Row],[Quantity]]*AB13-Table1467[[#This Row],[STOCK]] -> 2000 | N13: =Table1467[[#This Row],[Quantity]]*AB13-Table1467[[#This Row],[STOCK]] -> 2000 | O13: =IF(Table1467[[#This Row],[Interim Value]]<0,0,Table1467[[#This Row],[Interim Value]]) -> 2000 | P13: =Table1467[[#This Row],[Kitting Quantity]]*Table1467[[#This Row],[Total]] -> 12000 | Q13: HICOTRONICS | R13: 60 DAYS CREDIT | AB13: =P1 -> 1000
A14: 9 | B14: CP04026 | C14: 1 | D14: C1 | E14: 47nF/275VAC | F14: (13mmL*4mmW*8.5mmH) 10mm pitch | G14: 0.1 | H14: HEL,EPCOS,ETR | I14: SUNMICRO COMPONENTS | J14: 2.75 | K14: =Table1467[[#This Row],[Unit Cost]]*Table1467[[#This Row],[Quantity]] -> 2.75 | L14: 0 | M14: =Table1467[[#This Row],[Quantity]]*AB14-Table1467[[#This Row],[STOCK]] -> 1000 | N14: =Table1467[[#This Row],[Quantity]]*AB14-Table1467[[#This Row],[STOCK]] -> 1000 | O14: =IF(Table1467[[#This Row],[Interim Value]]<0,0,Table1467[[#This Row],[Interim Value]]) -> 1000 | P14: =Table1467[[#This Row],[Kitting Quantity]]*Table1467[[#This Row],[Total]] -> 2750 | Q14: HICOTRONICS | R14: 60 DAYS CREDIT | AB14: =P1 -> 1000
A15: 10 | B15: CP04027 | C15: 1 | D15: C9 | E15: 2.2nF 275VAC | F15: DISC 7.5mm pitch | I15: SUNMICRO COMPONENTS | J15: 1.75 | K15: =Table1467[[#This Row],[Unit Cost]]*Table1467[[#This Row],[Quantity]] -> 1.75 | L15: 0 | M15: =Table1467[[#This Row],[Quantity]]*AB15-Table1467[[#This Row],[STOCK]] -> 1000 | N15: =Table1467[[#This Row],[Quantity]]*AB15-Table1467[[#This Row],[STOCK]] -> 1000 | O15: =IF(Table1467[[#This Row],[Interim Value]]<0,0,Table1467[[#This Row],[Interim Value]]) -> 1000 | P15: =Table1467[[#This Row],[Kitting Quantity]]*Table1467[[#This Row],[Total]] -> 1750 | Q15: SUN MICRO | R15: 60 DAYS CREDIT | AB15: =P1 -> 1000
A16: 11 | B16: DE05024 | C16: 1 | D16: D7 | E16: UF4007 | F16: D0-41 | H16: DIODE INC,HY,MIC | I16: HICOTRONICS | J16: 0.65 | K16: =Table1467[[#This Row],[Unit Cost]]*Table1467[[#This Row],[Quantity]] -> 0.65 | L16: 0 | M16: =Table1467[[#This Row],[Quantity]]*AB16-Table1467[[#This Row],[STOCK]] -> 1000 | N16: =Table1467[[#This Row],[Quantity]]*AB16-Table1467[[#This Row],[STOCK]] -> 1000 | O16: =IF(Table1467[[#This Row],[Interim Value]]<0,0,Table1467[[#This Row],[Interim Value]]) -> 1000 | P16: =Table1467[[#This Row],[Kitting Quantity]]*Table1467[[#This Row],[Total]] -> 650 | Q16: HICOTRONICS | R16: 60 DAYS CREDIT | AB16: =P1 -> 1000
A17: 12 | B17: DE05024 | C17: 1 | D17: D5 | E17: UF4007 | F17: D0-41 | H17: DIODE INC,HY,MIC | I17: HICOTRONICS | J17: 0.65 | K17: =Table1467[[#This Row],[Unit Cost]]*Table1467[[#This Row],[Quantity]] -> 0.65 | L17: 0 | M17: =Table1467[[#This Row],[Quantity]]*AB17-Table1467[[#This Row],[STOCK]] -> 1000 | N17: =Table1467[[#This Row],[Quantity]]*AB17-Table1467[[#This Row],[STOCK]] -> 1000 | O17: =IF(Table1467[[#This Row],[Interim Value]]<0,0,Table1467[[#This Row],[Interim Value]]) -> 1000 | P17: =Table1467[[#This Row],[Kitting Quantity]]*Table1467[[#This Row],[Total]] -> 650 | Q17: HICOTRONICS | R17: 60 DAYS CREDIT | AB17: =P1 -> 1000
A18: 13 | B18: DE05013 | C18: 1 | D18: D6 | E18: MUR460 | F18: DO-201AD | H18: ON SEMI ,HY,DIODE INC | I18: SUNMICRO COMPONENTS | J18: 3.5 | K18: =Table1467[[#This Row],[Unit Cost]]*Table1467[[#This Row],[Quantity]] -> 3.5 | L18: 0 | M18: =Table1467[[#This Row],[Quantity]]*AB18-Table1467[[#This Row],[STOCK]] -> 1000 | N18: =Table1467[[#This Row],[Quantity]]*AB18-Table1467[[#This Row],[STOCK]] -> 1000 | O18: =IF(Table1467[[#This Row],[Interim Value]]<0,0,Table1467[[#This Row],[Interim Value]]) -> 1000 | P18: =Table1467[[#This Row],[Kitting Quantity]]*Table1467[[#This Row],[Total]] -> 3500 | Q18: HICOTRONICS | R18: 60 DAYS CREDIT | AB18: =P1 -> 1000
A19: 14 | B19: CR18007 | C19: 1 | D19: F1 | E19: 3.15A 250V(SLOW BLOW) | F19: (3.6mm*10mm) | H19: PROTOCON | I19: SUNMICRO COMPONENTS | J19: 2.5 | K19: =Table1467[[#This Row],[Unit Cost]]*Table1467[[#This Row],[Quantity]] -> 2.5 | L19: 0 | M19: =Table1467[[#This Row],[Quantity]]*AB19-Table1467[[#This Row],[STOCK]] -> 1000 | N19: =Table1467[[#This Row],[Quantity]]*AB19-Table1467[[#This Row],[STOCK]] -> 1000 | O19: =IF(Table1467[[#This Row],[Interim Value]]<0,0,Table1467[[#This Row],[Interim Value]]) -> 1000 | P19: =Table1467[[#This Row],[Kitting Quantity]]*Table1467[[#This Row],[Total]] -> 2500 | Q19: SUN MICRO | R19: 60 DAYS CREDIT | AB19: =P1 -> 1000
A20: 15 | B20: IN08022 | C20: 2 | D20: L1,L2 | E20: 1mH(300mA) | F20: (8*10)drum type 5mm pitch | G20: 0.05 | H20: SEMTRONICS | I20: METRONIX | J20: 5 | K20: =Table1467[[#This Row],[Unit Cost]]*Table1467[[#This Row],[Quantity]] -> 10 | L20: 0 | M20: =Table1467[[#This Row],[Quantity]]*AB20-Table1467[[#This Row],[STOCK]] -> 2000 | N20: =Table1467[[#This Row],[Quantity]]*AB20-Table1467[[#This Row],[STOCK]] -> 2000 | O20: =IF(Table1467[[#This Row],[Interim Value]]<0,0,Table1467[[#This Row],[Interim Value]]) -> 2000 | P20: =Table1467[[#This Row],[Kitting Quantity]]*Table1467[[#This Row],[Total]] -> 20000 | Q20: AM ELECTRONICS | R20: 30 DAYS CREDIT | AB20: =P1 -> 1000
A21: 16 | B21: MF02004 | C21: 1 | D21: Q1 | E21: 4N60T | F21: TO_220 | H21: FAIRCHILD,HY | I21: SUNMICRO COMPONENTS | J21: 11.9 | K21: =Table1467[[#This Row],[Unit Cost]]*Table1467[[#This Row],[Quantity]] -> 11.9 | L21: 0 | M21: =Table1467[[#This Row],[Quantity]]*AB21-Table1467[[#This Row],[STOCK]] -> 1000 | N21: =Table1467[[#This Row],[Quantity]]*AB21-Table1467[[#This Row],[STOCK]] -> 1000 | O21: =IF(Table1467[[#This Row],[Interim Value]]<0,0,Table1467[[#This Row],[Interim Value]]) -> 1000 | P21: =Table1467[[#This Row],[Kitting Quantity]]*Table1467[[#This Row],[Total]] -> 11900 | Q21: SUN MICRO | R21: 60 DAYS CREDIT | AB21: =P1 -> 1000
A22: 17 | B22: RS01187 | C22: 2 | D22: R1,R2 | E22: 2M2 | F22: 1/4W | H22: AVX,YAGEO | I22: HICOTRONICS | J22: 0.21 | K22: =Table1467[[#This Row],[Unit Cost]]*Table1467[[#This Row],[Quantity]] -> 0.42 | L22: 0 | M22: =Table1467[[#This Row],[Quantity]]*AB22-Table1467[[#This Row],[STOCK]] -> 2000 | N22: =Table1467[[#This Row],[Quantity]]*AB22-Table1467[[#This Row],[STOCK]] -> 2000 | O22: =IF(Table1467[[#This Row],[Interim Value]]<0,0,Table1467[[#This Row],[Interim Value]]) -> 2000 | P22: =Table1467[[#This Row],[Kitting Quantity]]*Table1467[[#This Row],[Total]] -> 840 | Q22: SHREE ELECTRONICS | R22: 60 DAYS PDC CREDIT | AB22: =P1 -> 1000
A23: 18 | B23: RS01176 | C23: 1 | D23: R7 | E23: 10E | F23: R1206 | G23: 0.05 | H23: AVX,YAGEO | I23: HICOTRONICS | J23: 0.08 | K23: =Table1467[[#This Row],[Unit Cost]]*Table1467[[#This Row],[Quantity]] -> 0.08 | L23: 0 | M23: =Table1467[[#This Row],[Quantity]]*AB23-Table1467[[#This Row],[STOCK]] -> 1000 | N23: =Table1467[[#This Row],[Quantity]]*AB23-Table1467[[#This Row],[STOCK]] -> 1000 | O23: =IF(Table1467[[#This Row],[Interim Value]]<0,0,Table1467[[#This Row],[Interim Value]]) -> 1000 | P23: =Table1467[[#This Row],[Kitting Quantity]]*Table1467[[#This Row],[Total]] -> 80 | Q23: HICOTRONICS | R23: 60 DAYS CREDIT | AB23: =P1 -> 1000
A24: 19 | B24: RS01181 | C24: 1 | D24: R3 | E24: 150K | F24: 1/2W | G24: 0.05 | H24: AVX,YAGEO | I24: HICOTRONICS | J24: 0.3 | K24: =Table1467[[#This Row],[Unit Cost]]*Table1467[[#This Row],[Quantity]] -> 0.3 | L24: 0 | M24: =Table1467[[#This Row],[Quantity]]*AB24-Table1467[[#This Row],[STOCK]] -> 1000 | N24: =Table1467[[#This Row],[Quantity]]*AB24-Table1467[[#This Row],[STOCK]] -> 1000 | O24: =IF(Table1467[[#This Row],[Interim Value]]<0,0,Table1467[[#This Row],[Interim Value]]) -> 1000 | P24: =Table1467[[#This Row],[Kitting Quantity]]*Table1467[[#This Row],[Total]] -> 300 | Q24: SHREE ELECTRONICS | R24: 60 DAYS PDC CREDIT | AB24: =P1 -> 1000
A25: 20 | B25: RS01188 | C25: 1 | D25: R6 | E25: 68E | F25: R1206 | G25: 0.05 | H25: AVX,YAGEO | I25: HICOTRONICS | J25: 0.08 | K25: =Table1467[[#This Row],[Unit Cost]]*Table1467[[#This Row],[Quantity]] -> 0.08 | L25: 0 | M25: =Table1467[[#This Row],[Quantity]]*AB25-Table1467[[#This Row],[STOCK]] -> 1000 | N25: =Table1467[[#This Row],[Quantity]]*AB25-Table1467[[#This Row],[STOCK]] -> 1000 | O25: =IF(Table1467[[#This Row],[Interim Value]]<0,0,Table1467[[#This Row],[Interim Value]]) -> 1000 | P25: =Table1467[[#This Row],[Kitting Quantity]]*Table1467[[#This Row],[Total]] -> 80 | Q25: HICOTRONICS | R25: 60 DAYS CREDIT | AB25: =P1 -> 1000
A26: 21 | B26: RS01189 | C26: 1 | D26: R11 | E26: 51K | F26: R1206 | G26: 0.01 | H26: AVX,YAGEO | I26: HICOTRONICS | J26: 0.08 | K26: =Table1467[[#This Row],[Unit Cost]]*Table1467[[#This Row],[Quantity]] -> 0.08 | L26: 5000 | M26: =Table1467[[#This Row],[Quantity]]*AB26-Table1467[[#This Row],[STOCK]] -> -4000 | N26: =Table1467[[#This Row],[Quantity]]*AB26-Table1467[[#This Row],[STOCK]] -> -4000 | O26: =IF(Table1467[[#This Row],[Interim Value]]<0,0,Table1467[[#This Row],[Interim Value]]) -> 0 | P26: =Table1467[[#This Row],[Kitting Quantity]]*Table1467[[#This Row],[Total]] -> 0 | Q26: HICOTRONICS | R26: 60 DAYS CREDIT | AB26: =P1 -> 1000
A27: 22 | B27: RS01018 | C27: 1 | D27: R12 | E27: 7.5K | F27: R1206 | G27: 0.01 | H27: AVX,YAGEO | I27: HICOTRONICS | J27: 0.1 | K27: =Table1467[[#This Row],[Unit Cost]]*Table1467[[#This Row],[Quantity]] -> 0.1 | L27: 5000 | M27: =Table1467[[#This Row],[Quantity]]*AB27-Table1467[[#This Row],[STOCK]] -> -4000 | N27: =Table1467[[#This Row],[Quantity]]*AB27-Table1467[[#This Row],[STOCK]] -> -4000 | O27: =IF(Table1467[[#This Row],[Interim Value]]<0,0,Table1467[[#This Row],[Interim Value]]) -> 0 | P27: =Table1467[[#This Row],[Kitting Quantity]]*Table1467[[#This Row],[Total]] -> 0 | Q27: HICOTRONICS | R27: 60 DAYS CREDIT | AB27: =P1 -> 1000
A28: 23 | B28: RS01182 | C28: 1 | D28: R5 | E28: 120K | F28: R1206 | G28: 0.01 | H28: AVX,YAGEO | I28: HICOTRONICS | J28: 0.1 | K28: =Table1467[[#This Row],[Unit Cost]]*Table1467[[#This Row],[Quantity]] -> 0.1 | L28: 0 | M28: =Table1467[[#This Row],[Quantity]]*AB28-Table1467[[#This Row],[STOCK]] -> 1000 | N28: =Table1467[[#This Row],[Quantity]]*AB28-Table1467[[#This Row],[STOCK]] -> 1000 | O28: =IF(Table1467[[#This Row],[Interim Value]]<0,0,Table1467[[#This Row],[Interim Value]]) -> 1000 | P28: =Table1467[[#This Row],[Kitting Quantity]]*Table1467[[#This Row],[Total]] -> 100 | Q28: HICOTRONICS | R28: 60 DAYS CREDIT | AB28: =P1 -> 1000
A29: 24 | B29: RS01026 | C29: 1 | D29: R4 | E29: 10K | F29: R1206 | G29: 0.05 | H29: AVX,YAGEO | I29: HICOTRONICS | J29: 0.08 | K29: =Table1467[[#This Row],[Unit Cost]]*Table1467[[#This Row],[Quantity]] -> 0.08 | L29: 0 | M29: =Table1467[[#This Row],[Quantity]]*AB29-Table1467[[#This Row],[STOCK]] -> 1000 | N29: =Table1467[[#This Row],[Quantity]]*AB29-Table1467[[#This Row],[STOCK]] -> 1000 | O29: =IF(Table1467[[#This Row],[Interim Value]]<0,0,Table1467[[#This Row],[Interim Value]]) -> 1000 | P29: =Table1467[[#This Row],[Kitting Quantity]]*Table1467[[#This Row],[Total]] -> 80 | Q29: HICOTRONICS | R29: 60 DAYS CREDIT | AB29: =P1 -> 1000
A30: 25 | B30: RS01130 | C30: 1 | D30: R8 | E30: 1R300 | F30: R1206 | G30: 0.01 | H30: AVX,YAGEO | I30: HICOTRONICS | J30: 0.14 | K30: =Table1467[[#This Row],[Unit Cost]]*Table1467[[#This Row],[Quantity]] -> 0.14 | L30: 5000 | M30: =Table1467[[#This Row],[Quantity]]*AB30-Table1467[[#This Row],[STOCK]] -> -4000 | N30: =Table1467[[#This Row],[Quantity]]*AB30-Table1467[[#This Row],[STOCK]] -> -4000 | O30: =IF(Table1467[[#This Row],[Interim Value]]<0,0,Table1467[[#This Row],[Interim Value]]) -> 0 | P30: =Table1467[[#This Row],[Kitting Quantity]]*Table1467[[#This Row],[Total]] -> 0 | Q30: HICOTRONICS | R30: 60 DAYS CREDIT | AB30: =P1 -> 1000
A31: 26 | B31: RS01130 | C31: 1 | D31: R9 | E31: 1R300 | F31: R1206 | G31: 0.01 | H31: AVX,YAGEO | I31: HICOTRONICS | J31: 0.14 | K31: =Table1467[[#This Row],[Unit Cost]]*Table1467[[#This Row],[Quantity]] -> 0.14 | L31: 0 | M31: =Table1467[[#This Row],[Quantity]]*AB31-Table1467[[#This Row],[STOCK]] -> 1000 | N31: =Table1467[[#This Row],[Quantity]]*AB31-Table1467[[#This Row],[STOCK]] -> 1000 | O31: =IF(Table1467[[#This Row],[Interim Value]]<0,0,Table1467[[#This Row],[Interim Value]]) -> 1000 | P31: =Table1467[[#This Row],[Kitting Quantity]]*Table1467[[#This Row],[Total]] -> 140 | Q31: HICOTRONICS | R31: 60 DAYS CREDIT | AB31: =P1 -> 1000
A32: 27 | C32: 1 | D32: R10 | E32: NC | F32: R1206 | G32: 0.01 | H32: AVX,YAGEO | K32: =Table1467[[#This Row],[Unit Cost]]*Table1467[[#This Row],[Quantity]] -> 0 | L32: 0 | M32: =Table1467[[#This Row],[Quantity]]*AB32-Table1467[[#This Row],[STOCK]] -> 1000 | N32: =Table1467[[#This Row],[Quantity]]*AB32-Table1467[[#This Row],[STOCK]] -> 1000 | O32: =IF(Table1467[[#This Row],[Interim Value]]<0,0,Table1467[[#This Row],[Interim Value]]) -> 1000 | P32: =Table1467[[#This Row],[Kitting Quantity]]*Table1467[[#This Row],[Total]] -> 0 | Q32: HICOTRONICS | R32: 60 DAYS CREDIT | AB32: =P1 -> 1000
A33: 28 | B33: IN08025 | C33: 1 | D33: T1 | E33: EF20 H | F33: MT-10031 | G33: 0.05 | H33: METRONICS | I33: METRONIX | J33: 16 | K33: =Table1467[[#This Row],[Unit Cost]]*Table1467[[#This Row],[Quantity]] -> 16 | L33: 0 | M33: =Table1467[[#This Row],[Quantity]]*AB33-Table1467[[#This Row],[STOCK]] -> 1000 | N33: =Table1467[[#This Row],[Quantity]]*AB33-Table1467[[#This Row],[STOCK]] -> 1000 | O33: =IF(Table1467[[#This Row],[Interim Value]]<0,0,Table1467[[#This Row],[Interim Value]]) -> 1000 | P33: =Table1467[[#This Row],[Kitting Quantity]]*Table1467[[#This Row],[Total]] -> 16000 | Q33: METRONIX | R33: 90 DAYS CREDIT | AB33: =P1 -> 1000
A34: 29 | B34: IC15015 | C34: 1 | D34: U1 | E34: SM6300B | F34: SOP8 | H34: SEMTRONICS | I34: SEM | J34: 20 | K34: =Table1467[[#This Row],[Unit Cost]]*Table1467[[#This Row],[Quantity]] -> 20 | L34: 0 | M34: =Table1467[[#This Row],[Quantity]]*AB34-Table1467[[#This Row],[STOCK]] -> 1000 | N34: =Table1467[[#This Row],[Quantity]]*AB34-Table1467[[#This Row],[STOCK]] -> 1000 | O34: =IF(Table1467[[#This Row],[Interim Value]]<0,0,Table1467[[#This Row],[Interim Value]]) -> 1000 | P34: =Table1467[[#This Row],[Kitting Quantity]]*Table1467[[#This Row],[Total]] -> 20000 | Q34: SEM | R34: IMMEDIATE | AB34: =P1 -> 1000
A35: 30 | B35: PCB09075 | C35: 1 | E35: VER DL ES 02 | F35: 34mm*82mm | I35: UNIVERSAL CIRCUTS | J35: 8.4 | K35: =Table1467[[#This Row],[Unit Cost]]*Table1467[[#This Row],[Quantity]] -> 8.4 | L35: 0 | M35: =Table1467[[#This Row],[Quantity]]*AB35-Table1467[[#This Row],[STOCK]] -> 1000 | N35: =Table1467[[#This Row],[Quantity]]*AB35-Table1467[[#This Row],[STOCK]] -> 1000 | O35: =IF(Table1467[[#This Row],[Interim Value]]<0,0,Table1467[[#This Row],[Interim Value]]) -> 1000 | P35: =Table1467[[#This Row],[Kitting Quantity]]*Table1467[[#This Row],[Total]] -> 8400 | Q35: UNIVERSAL | R35: 60 DAYS CREDIT | AB35: =P1 -> 1000
A36: 31 | B36: HS03003 | C36: 1 | D36: HS1 | E36: HS1 | I36: L S I COMPONENTS | J36: 2.75 | K36: =Table1467[[#This Row],[Unit Cost]]*Table1467[[#This Row],[Quantity]] -> 2.75 | L36: 0 | M36: =Table1467[[#This Row],[Quantity]]*AB36-Table1467[[#This Row],[STOCK]] -> 1000 | N36: =Table1467[[#This Row],[Quantity]]*AB36-Table1467[[#This Row],[STOCK]] -> 1000 | O36: =IF(Table1467[[#This Row],[Interim Value]]<0,0,Table1467[[#This Row],[Interim Value]]) -> 1000 | P36: =Table1467[[#This Row],[Kitting Quantity]]*Table1467[[#This Row],[Total]] -> 2750 | Q36: LSI COMP | R36: 60 DAYS CREDIT | AB36: =P1 -> 1000
A37: 33 | B37: EQ10045 | C37: 1 | E37: M3 X 6 | F37: SCREW | J37: 1 | K37: =Table1467[[#This Row],[Unit Cost]]*Table1467[[#This Row],[Quantity]] -> 1 | L37: 0 | M37: =Table1467[[#This Row],[Quantity]]*AB37-Table1467[[#This Row],[STOCK]] -> 1000 | N37: =Table1467[[#This Row],[Quantity]]*AB37-Table1467[[#This Row],[STOCK]] -> 1000 | O37: =IF(Table1467[[#This Row],[Interim Value]]<0,0,Table1467[[#This Row],[Interim Value]]) -> 1000 | P37: =Table1467[[#This Row],[Kitting Quantity]]*Table1467[[#This Row],[Total]] -> 1000 | R37: IMMEDIATE | AB37: =P1 -> 1000
A38: 34 | B38: ES07043 | C38: 1 | E38: PLASTIC BOX | F38: BIG SIZE | I38: VANSH ELECTRO MACHINACAL | J38: 9 | K38: =Table1467[[#This Row],[Unit Cost]]*Table1467[[#This Row],[Quantity]] -> 9 | L38: 0 | M38: =Table1467[[#This Row],[Quantity]]*AB38-Table1467[[#This Row],[STOCK]] -> 1000 | N38: =Table1467[[#This Row],[Quantity]]*AB38-Table1467[[#This Row],[STOCK]] -> 1000 | O38: =IF(Table1467[[#This Row],[Interim Value]]<0,0,Table1467[[#This Row],[Interim Value]]) -> 1000 | P38: =Table1467[[#This Row],[Kitting Quantity]]*Table1467[[#This Row],[Total]] -> 9000 | Q38: VANSH ELECTRO | R38: 15 DAYS CREDIT | AB38: =P1 -> 1000
A39: 35 | B39: WR12004 | C39: 3 | E39: 3 INCH PVC WIRE RED | F39: PVC | I39: MAHAVEER | J39: 0.5 | K39: =Table1467[[#This Row],[Unit Cost]]*Table1467[[#This Row],[Quantity]] -> 1.5 | L39: 0 | M39: =Table1467[[#This Row],[Quantity]]*AB39-Table1467[[#This Row],[STOCK]] -> 3000 | N39: =Table1467[[#This Row],[Quantity]]*AB39-Table1467[[#This Row],[STOCK]] -> 3000 | O39: =IF(Table1467[[#This Row],[Interim Value]]<0,0,Table1467[[#This Row],[Interim Value]]) -> 3000 | P39: =Table1467[[#This Row],[Kitting Quantity]]*Table1467[[#This Row],[Total]] -> 4500 | R39: 30 DAYS PDC | AB39: =P1 -> 1000
A40: 36 | B40: WR12005 | C40: 1 | E40: 3 INCH PVC WIRE BLACK | F40: PVC | I40: MAHAVEER | J40: 0.5 | K40: =Table1467[[#This Row],[Unit Cost]]*Table1467[[#This Row],[Quantity]] -> 0.5 | L40: 0 | M40: =Table1467[[#This Row],[Quantity]]*AB40-Table1467[[#This Row],[STOCK]] -> 1000 | N40: =Table1467[[#This Row],[Quantity]]*AB40-Table1467[[#This Row],[STOCK]] -> 1000 | O40: =IF(Table1467[[#This Row],[Interim Value]]<0,0,Table1467[[#This Row],[Interim Value]]) -> 1000 | P40: =Table1467[[#This Row],[Kitting Quantity]]*Table1467[[#This Row],[Total]] -> 500 | R40: 30 DAYS PDC | AB40: =P1 -> 1000
A41: 37 | B41: EQ10070 | C41: 1 | E41: LABLE STICKER | J41: 1.25 | K41: =Table1467[[#This Row],[Unit Cost]]*Table1467[[#This Row],[Quantity]] -> 1.25 | L41: 0 | M41: =Table1467[[#This Row],[Quantity]]*AB41-Table1467[[#This Row],[STOCK]] -> 1000 | N41: =Table1467[[#This Row],[Quantity]]*AB41-Table1467[[#This Row],[STOCK]] -> 1000 | O41: =IF(Table1467[[#This Row],[Interim Value]]<0,0,Table1467[[#This Row],[Interim Value]]) -> 1000 | P41: =Table1467[[#This Row],[Kitting Quantity]]*Table1467[[#This Row],[Total]] -> 1250 | R41: IMMEDIATE | AB41: =P1 -> 1000
A42: 38 | B42: EQ10069 | C42: 1 | E42: BAR CODE STICKER | J42: 0.3 | K42: =Table1467[[#This Row],[Unit Cost]]*Table1467[[#This Row],[Quantity]] -> 0.3 | L42: 0 | M42: =Table1467[[#This Row],[Quantity]]*AB42-Table1467[[#This Row],[STOCK]] -> 1000 | N42: =Table1467[[#This Row],[Quantity]]*AB42-Table1467[[#This Row],[STOCK]] -> 1000 | O42: =IF(Table1467[[#This Row],[Interim Value]]<0,0,Table1467[[#This Row],[Interim Value]]) -> 1000 | P42: =Table1467[[#This Row],[Kitting Quantity]]*Table1467[[#This Row],[Total]] -> 300 | R42: IMMEDIATE | AB42: =P1 -> 1000
A43: 39 | C43: 1 | E43: EMS COST | H43: EAST INDIA | J43: 12 | K43: =Table1467[[#This Row],[Unit Cost]]*Table1467[[#This Row],[Quantity]] -> 12 | M43: =Table1467[[#This Row],[Quantity]]*AB43-Table1467[[#This Row],[STOCK]] -> 1000 | N43: =Table1467[[#This Row],[Quantity]]*AB43-Table1467[[#This Row],[STOCK]] -> 1000 | O43: =IF(Table1467[[#This Row],[Interim Value]]<0,0,Table1467[[#This Row],[Interim Value]]) -> 1000 | P43: =Table1467[[#This Row],[Kitting Quantity]]*Table1467[[#This Row],[Total]] -> 12000 | R43: 60 DAYS CREDIT | AB43: =P1 -> 1000
A44: Total Electronics Cost | K44: =SUBTOTAL(109,Table1467[Total]) -> 123.77 | P44: =SUM(Table1467[PRICE]) -> 150070 | AB44: =P1 -> 1000
B47: BOM Value Split | E47: Total Kitting Value Split
B48: T/T | C48: =K42+K41+K37+K34 -> 22.55 | E48: T/T | F48: =N42+N41+N37+N34 -> 4000 | G48: T/T | H48: =P42+P41+P37+P34 -> 22550 | I48: T/T | J48: =P42+P41+P37+P34 -> 22550
B49: 7 Days | C49: 0 | E49: 7 Days | F49: 0 | G49: 7 Days | H49: 0 | I49: 7 Days | J49: 0
B50: 15 Days | C50: =K38 -> 9 | E50: 15 Days | F50: =N38 -> 1000 | G50: 15 Days | H50: =P38 -> 9000 | I50: 15 Days | J50: =P38 -> 9000
B51: 30 Days | C51: =K40+K39+K20+K12+K11+K9 -> 16.25 | E51: 30 Days | F51: =N40+N39+N20+N12+N11+N9 -> 9000 | G51: 30 Days | H51: =P40+P39+P20+P12+P11+P9 -> 29250 | I51: 30 Days | J51: =P40+P39+P20+P12+P11+P9 -> 29250
B52: 60 Days | C52: =K43+K36+K35+K31+K30+K29+K28+K27+K26+K25+K24+K23+K22+K21+K19+K18+K17+K16+K15+K14+K13+K10+K8+K7+K6 -> 59.97 | E52: 60 Days | F52: =N43+N36+N35+N31+N30+N29+N28+N27+N26+N25+N24+N23+N22+N21+N19+N18+N17+N16+N15+N14+N13+N10+N8+N7+N6 -> 16000 | G52: 60 Days | H52: =P43+P36+P35+P31+P30+P29+P28+P27+P26+P25+P24+P23+P22+P21+P19+P18+P17+P16+P15+P14+P13+P10+P8+P7+P6 -> 73270 | I52: 60 Days | J52: =P43+P36+P35+P31+P30+P29+P28+P27+P26+P25+P24+P23+P22+P21+P19+P18+P17+P16+P15+P14+P13+P10+P8+P7+P6 -> 73270
B53: 90 Days | C53: =K33 -> 16 | E53: 90 Days | F53: =N33 -> 1000 | G53: 90 Days | H53: =P33 -> 16000 | I53: 90 Days | J53: =P33 -> 16000
C54: =SUM(C48:C53) -> 123.77 | F54: =SUM(F48:F53) -> 31000 | J54: =SUM(J48:J53) -> 150070

Sheet 15-20W300mA
A1: Product Code | C1: DR13093 | E1: F 15W 300mA 10W -- 15W<= (30V -- 45V 300mA) Driver BOM list | L1: Kitting Quantity | M1: ='Detail-Planner'!E14 -> 0
A3: Product Description - 15-20 WATT 300mA
A5: Item | B5: Raw Material Code | C5: Quantity | D5: Reference | E5: Part | F5: Package | G5: Tolerence | H5: Make | I5: Vendor | J5: Unit Cost | K5: Total | L5: STOCK | M5: Interim Value2 | N5: Kitting Quantity | O5: PRICE | P5: SUPPLIER NAME | Q5: PAYMENT TERMS
A6: 1 | B6: DE05008 | C6: 4 | D6: D1,D2,D3,D4 | E6: 1N4007 | F6: DO-41 | G6: 0.1 | H6: DIODE/HY/VISHAY | I6: HICOTRONICS | J6: 0.39 | K6: =Table146[[#This Row],[Unit Cost]]*Table146[[#This Row],[Quantity]] -> 1.56 | L6: 60000 | M6: =Table146[[#This Row],[Quantity]]*Z6-Table146[[#This Row],[STOCK]] -> -60000 | N6: =IF(Table146[[#This Row],[Interim Value2]]<0,0,Table146[[#This Row],[Interim Value2]]) -> 0 | O6: =Table146[[#This Row],[STOCK]]*Table146[[#This Row],[Unit Cost]] -> 23400 | P6: HICOTRONICS | Q6: 60 DAYS CREDIT | Z6: =M1 -> 0
A7: 2 | B7: CP04043 | C7: 2 | D7: C2,C10 | E7: 0.1uF 275V AC | F7: X2 BOX CAP (10mm pitch) | G7: 0.05 | H7: EPCOS | I7: HICOTRONICS | J7: 1.5 | K7: =Table146[[#This Row],[Unit Cost]]*Table146[[#This Row],[Quantity]] -> 3 | L7: 0 | M7: =Table146[[#This Row],[Quantity]]*Z7-Table146[[#This Row],[STOCK]] -> 0 | N7: =IF(Table146[[#This Row],[Interim Value2]]<0,0,Table146[[#This Row],[Interim Value2]]) -> 0 | O7: =Table146[[#This Row],[STOCK]]*Table146[[#This Row],[Unit Cost]] -> 0 | P7: HICOTRONICS | Q7: 60 DAYS CREDIT | Z7: =M1 -> 0
A8: 3 | B8: CP04007 | C8: 1 | D8: C3 | E8: 103/1KVA | F8: DISC 5mm pitch | G8: 0.05 | H8: YAGEO,AVX,WALSIN | I8: SUNMICRO COMPONENTS | J8: 0.6 | K8: =Table146[[#This Row],[Unit Cost]]*Table146[[#This Row],[Quantity]] -> 0.6 | L8: 0 | M8: =Table146[[#This Row],[Quantity]]*Z8-Table146[[#This Row],[STOCK]] -> 0 | N8: =IF(Table146[[#This Row],[Interim Value2]]<0,0,Table146[[#This Row],[Interim Value2]]) -> 0 | O8: =Table146[[#This Row],[STOCK]]*Table146[[#This Row],[Unit Cost]] -> 0 | P8: SUN MICRO COMPONENT | Q8: 60 DAYS CREDIT | Z8: =M1 -> 0
A9: 4 | B9: CP04014 | C9: 1 | D9: C8 | E9: 22uF/50V (105) | F9: (5mm*11mm)TH 2.5MM pitch | G9: 0.1 | H9: JACKCON/SAMHWA | I9: SUNMICRO COMPONENTS | J9: 0.73 | K9: =Table146[[#This Row],[Unit Cost]]*Table146[[#This Row],[Quantity]] -> 0.73 | L9: 2990 | M9: =Table146[[#This Row],[Quantity]]*Z9-Table146[[#This Row],[STOCK]] -> -2990 | N9: =IF(Table146[[#This Row],[Interim Value2]]<0,0,Table146[[#This Row],[Interim Value2]]) -> 0 | O9: =Table146[[#This Row],[STOCK]]*Table146[[#This Row],[Unit Cost]] -> 2182.7 | P9: GTEK ELECTRO | Q9: 30 DAYS PDC | Z9: =M1 -> 0
A10: 5 | B10: CP04034 | C10: 1 | D10: C7 | E10: 47pF/50V | F10: C1206 | G10: 0.05 | H10: YAGEO,AVX,WALSIN | I10: HICOTRONICS | J10: 0.6 | K10: =Table146[[#This Row],[Unit Cost]]*Table146[[#This Row],[Quantity]] -> 0.6 | L10: 0 | M10: =Table146[[#This Row],[Quantity]]*Z10-Table146[[#This Row],[STOCK]] -> 0 | N10: =IF(Table146[[#This Row],[Interim Value2]]<0,0,Table146[[#This Row],[Interim Value2]]) -> 0 | O10: =Table146[[#This Row],[STOCK]]*Table146[[#This Row],[Unit Cost]] -> 0 | P10: HICOTRONICS | Q10: 60 DAYS CREDIT | Z10: =M1 -> 0
A11: 6 | B11: RS01006 | C11: 1 | D11: C6 | E11: 1uF/50V 105deg | F11: 4.6mm*10mm (2.5mm pitch) | G11: 0.05 | H11: JACKCON/SAMHWA | I11: SUNMICRO COMPONENTS | J11: 0.64 | K11: =Table146[[#This Row],[Unit Cost]]*Table146[[#This Row],[Quantity]] -> 0.64 | L11: 10000 | M11: =Table146[[#This Row],[Quantity]]*Z11-Table146[[#This Row],[STOCK]] -> -10000 | N11: =IF(Table146[[#This Row],[Interim Value2]]<0,0,Table146[[#This Row],[Interim Value2]]) -> 0 | O11: =Table146[[#This Row],[STOCK]]*Table146[[#This Row],[Unit Cost]] -> 6400 | P11: GTEK ELECTRO | Q11: 30 DAYS PDC | Z11: =M1 -> 0
A12: 7 | B12: CP04061 | C12: 1 | D12: C5 | E12: 220uF,63V (105) | F12: (10mm*17mm) 5mm pitch | G12: 0.1 | H12: JACKCON/SAMHWA | I12: SUNMICRO COMPONENTS | J12: 2.95 | K12: =Table146[[#This Row],[Unit Cost]]*Table146[[#This Row],[Quantity]] -> 2.95 | L12: 2989 | M12: =Table146[[#This Row],[Quantity]]*Z12-Table146[[#This Row],[STOCK]] -> -2989 | N12: =IF(Table146[[#This Row],[Interim Value2]]<0,0,Table146[[#This Row],[Interim Value2]]) -> 0 | O12: =Table146[[#This Row],[STOCK]]*Table146[[#This Row],[Unit Cost]] -> 8817.55 | P12: GTEK ELECTRO | Q12: 30 DAYS PDC | Z12: =M1 -> 0
A13: 8 | B13: MOV11005 | C13: 2 | D13: RV1,RV2 | E13: MOV (14D471K) | F13: 14mm(TH) 7mm pitch | H13: EPCOS,UCHI | I13: HICOTRONICS | J13: 3 | K13: =Table146[[#This Row],[Unit Cost]]*Table146[[#This Row],[Quantity]] -> 6 | L13: 19500 | M13: =Table146[[#This Row],[Quantity]]*Z13-Table146[[#This Row],[STOCK]] -> -19500 | N13: =IF(Table146[[#This Row],[Interim Value2]]<0,0,Table146[[#This Row],[Interim Value2]]) -> 0 | O13: =Table146[[#This Row],[STOCK]]*Table146[[#This Row],[Unit Cost]] -> 58500 | P13: SUN MICRO COMPONENT | Q13: 60 DAYS CREDIT | Z13: =M1 -> 0
A14: 9 | B14: CP04026 | C14: 1 | D14: C1 | E14: 47nF/275VAC | F14: (13mmL*4mmW*8.5mmH) 10mm pitch | G14: 0.1 | H14: HEL,EPCOS,ETR | I14: SUNMICRO COMPONENTS | J14: 3.08 | K14: =Table146[[#This Row],[Unit Cost]]*Table146[[#This Row],[Quantity]] -> 3.08 | L14: 10000 | M14: =Table146[[#This Row],[Quantity]]*Z14-Table146[[#This Row],[STOCK]] -> -10000 | N14: =IF(Table146[[#This Row],[Interim Value2]]<0,0,Table146[[#This Row],[Interim Value2]]) -> 0 | O14: =Table146[[#This Row],[STOCK]]*Table146[[#This Row],[Unit Cost]] -> 30800 | P14: HICOTRONICS | Q14: 60 DAYS CREDIT | Z14: =M1 -> 0
A15: 10 | B15: CP04027 | C15: 1 | D15: C9 | E15: 2.2nF 275VAC | F15: DISC 7.5mm pitch | I15: SUNMICRO COMPONENTS | J15: 1.75 | K15: =Table146[[#This Row],[Unit Cost]]*Table146[[#This Row],[Quantity]] -> 1.75 | L15: 15000 | M15: =Table146[[#This Row],[Quantity]]*Z15-Table146[[#This Row],[STOCK]] -> -15000 | N15: =IF(Table146[[#This Row],[Interim Value2]]<0,0,Table146[[#This Row],[Interim Value2]]) -> 0 | O15: =Table146[[#This Row],[STOCK]]*Table146[[#This Row],[Unit Cost]] -> 26250 | P15: SUN MICRO COMPONENT | Q15: 60 DAYS CREDIT | Z15: =M1 -> 0
A16: 11 | B16: DE05024 | C16: 1 | D16: D7 | E16: UF4007 | F16: D0-41 | H16: DIODE INC,HY,MIC | I16: HICOTRONICS | J16: 0.65 | K16: =Table146[[#This Row],[Unit Cost]]*Table146[[#This Row],[Quantity]] -> 0.65 | L16: 0 | M16: =Table146[[#This Row],[Quantity]]*Z16-Table146[[#This Row],[STOCK]] -> 0 | N16: =IF(Table146[[#This Row],[Interim Value2]]<0,0,Table146[[#This Row],[Interim Value2]]) -> 0 | O16: =Table146[[#This Row],[STOCK]]*Table146[[#This Row],[Unit Cost]] -> 0 | P16: HICOTRONICS | Q16: 60 DAYS CREDIT | Z16: =M1 -> 0
A17: 12 | B17: DE05024 | C17: 1 | D17: D5 | E17: UF4007 | F17: D0-41 | H17: DIODE INC,HY,MIC | I17: HICOTRONICS | J17: 0.65 | K17: =Table146[[#This Row],[Unit Cost]]*Table146[[#This Row],[Quantity]] -> 0.65 | L17: 0 | M17: =Table146[[#This Row],[Quantity]]*Z17-Table146[[#This Row],[STOCK]] -> 0 | N17: =IF(Table146[[#This Row],[Interim Value2]]<0,0,Table146[[#This Row],[Interim Value2]]) -> 0 | O17: =Table146[[#This Row],[STOCK]]*Table146[[#This Row],[Unit Cost]] -> 0 | P17: HICOTRONICS | Q17: 60 DAYS CREDIT | Z17: =M1 -> 0
A18: 13 | B18: DE05013 | C18: 1 | D18: D6 | E18: MUR460 | F18: DO-201AD | H18: ON SEMI ,HY,DIODE INC | I18: SUNMICRO COMPONENTS | J18: 3.5 | K18: =Table146[[#This Row],[Unit Cost]]*Table146[[#This Row],[Quantity]] -> 3.5 | L18: 0 | M18: =Table146[[#This Row],[Quantity]]*Z18-Table146[[#This Row],[STOCK]] -> 0 | N18: =IF(Table146[[#This Row],[Interim Value2]]<0,0,Table146[[#This Row],[Interim Value2]]) -> 0 | O18: =Table146[[#This Row],[STOCK]]*Table146[[#This Row],[Unit Cost]] -> 0 | P18: HICOTRONICS | Q18: 60 DAYS CREDIT | Z18: =M1 -> 0
A19: 14 | B19: CR18007 | C19: 1 | D19: F1 | E19: 3.15A 250V(SLOW BLOW) | F19: (3.6mm*10mm) | H19: PROTOCON | I19: SUNMICRO COMPONENTS | J19: 2.5 | K19: =Table146[[#This Row],[Unit Cost]]*Table146[[#This Row],[Quantity]] -> 2.5 | L19: 0 | M19: =Table146[[#This Row],[Quantity]]*Z19-Table146[[#This Row],[STOCK]] -> 0 | N19: =IF(Table146[[#This Row],[Interim Value2]]<0,0,Table146[[#This Row],[Interim Value2]]) -> 0 | O19: =Table146[[#This Row],[STOCK]]*Table146[[#This Row],[Unit Cost]] -> 0 | P19: HICOTRONICS | Q19: 60 DAYS CREDIT | Z19: =M1 -> 0
A20: 15 | B20: IN08022 | C20: 2 | D20: L1,L2 | E20: 1mH(300mA) | F20: (8*10)drum type 5mm pitch | G20: 0.05 | H20: SEMTRONICS | I20: METRONIX | J20: 5 | K20: =Table146[[#This Row],[Unit Cost]]*Table146[[#This Row],[Quantity]] -> 10 | L20: 0 | M20: =Table146[[#This Row],[Quantity]]*Z20-Table146[[#This Row],[STOCK]] -> 0 | N20: =IF(Table146[[#This Row],[Interim Value2]]<0,0,Table146[[#This Row],[Interim Value2]]) -> 0 | O20: =Table146[[#This Row],[STOCK]]*Table146[[#This Row],[Unit Cost]] -> 0 | P20: SUN MICRO COMPONENT | Q20: 60 DAYS CREDIT | Z20: =M1 -> 0
A21: 16 | B21: MF02004 | C21: 1 | D21: Q1 | E21: 4N60T | F21: TO_220 | H21: FAIRCHILD,HY | I21: SUNMICRO COMPONENTS | J21: 11.9 | K21: =Table146[[#This Row],[Unit Cost]]*Table146[[#This Row],[Quantity]] -> 11.9 | L21: 0 | M21: =Table146[[#This Row],[Quantity]]*Z21-Table146[[#This Row],[STOCK]] -> 0 | N21: =IF(Table146[[#This Row],[Interim Value2]]<0,0,Table146[[#This Row],[Interim Value2]]) -> 0 | O21: =Table146[[#This Row],[STOCK]]*Table146[[#This Row],[Unit Cost]] -> 0 | P21: SUN MICRO COMPONENT | Q21: 60 DAYS CREDIT | Z21: =M1 -> 0
A22: 17 | B22: RS01187 | C22: 2 | D22: R1,R2 | E22: 2M2 | F22: 1/4W | H22: AVX,YAGEO | I22: HICOTRONICS | J22: 0.21 | K22: =Table146[[#This Row],[Unit Cost]]*Table146[[#This Row],[Quantity]] -> 0.42 | L22: 0 | M22: =Table146[[#This Row],[Quantity]]*Z22-Table146[[#This Row],[STOCK]] -> 0 | N22: =IF(Table146[[#This Row],[Interim Value2]]<0,0,Table146[[#This Row],[Interim Value2]]) -> 0 | O22: =Table146[[#This Row],[STOCK]]*Table146[[#This Row],[Unit Cost]] -> 0 | P22: SHREE ELECTRONICS | Q22: 60 DAYS PDC | Z22: =M1 -> 0
A23: 18 | B23: RS01176 | C23: 1 | D23: R7 | E23: 10E | F23: R1206 | G23: 0.05 | H23: AVX,YAGEO | I23: HICOTRONICS | J23: 0.08 | K23: =Table146[[#This Row],[Unit Cost]]*Table146[[#This Row],[Quantity]] -> 0.08 | L23: 15000 | M23: =Table146[[#This Row],[Quantity]]*Z23-Table146[[#This Row],[STOCK]] -> -15000 | N23: =IF(Table146[[#This Row],[Interim Value2]]<0,0,Table146[[#This Row],[Interim Value2]]) -> 0 | O23: =Table146[[#This Row],[STOCK]]*Table146[[#This Row],[Unit Cost]] -> 1200 | P23: HICOTRONICS | Q23: 60 DAYS CREDIT | Z23: =M1 -> 0
A24: 19 | B24: RS01181 | C24: 1 | D24: R3 | E24: 150K | F24: 1/2W | G24: 0.05 | H24: AVX,YAGEO | I24: HICOTRONICS | J24: 0.3 | K24: =Table146[[#This Row],[Unit Cost]]*Table146[[#This Row],[Quantity]] -> 0.3 | L24: 0 | M24: =Table146[[#This Row],[Quantity]]*Z24-Table146[[#This Row],[STOCK]] -> 0 | N24: =IF(Table146[[#This Row],[Interim Value2]]<0,0,Table146[[#This Row],[Interim Value2]]) -> 0 | O24: =Table146[[#This Row],[STOCK]]*Table146[[#This Row],[Unit Cost]] -> 0 | P24: SHREE ELECTRONICS | Q24: 60 DAYS PDC | Z24: =M1 -> 0
A25: 20 | B25: RS01188 | C25: 1 | D25: R6 | E25: 68E | F25: R1206 | G25: 0.05 | H25: AVX,YAGEO | I25: HICOTRONICS | J25: 0.08 | K25: =Table146[[#This Row],[Unit Cost]]*Table146[[#This Row],[Quantity]] -> 0.08 | L25: 15000 | M25: =Table146[[#This Row],[Quantity]]*Z25-Table146[[#This Row],[STOCK]] -> -15000 | N25: =IF(Table146[[#This Row],[Interim Value2]]<0,0,Table146[[#This Row],[Interim Value2]]) -> 0 | O25: =Table146[[#This Row],[STOCK]]*Table146[[#This Row],[Unit Cost]] -> 1200 | P25: HICOTRONICS | Q25: 60 DAYS CREDIT | Z25: =M1 -> 0
A26: 21 | B26: RS01183 | C26: 1 | D26: R11 | E26: 56K | F26: R1206 | G26: 0.01 | H26: AVX,YAGEO | I26: HICOTRONICS | J26: 0.08 | K26: =Table146[[#This Row],[Unit Cost]]*Table146[[#This Row],[Quantity]] -> 0.08 | L26: 0 | M26: =Table146[[#This Row],[Quantity]]*Z26-Table146[[#This Row],[STOCK]] -> 0 | N26: =IF(Table146[[#This Row],[Interim Value2]]<0,0,Table146[[#This Row],[Interim Value2]]) -> 0 | O26: =Table146[[#This Row],[STOCK]]*Table146[[#This Row],[Unit Cost]] -> 0 | P26: HICOTRONICS | Q26: 60 DAYS CREDIT | Z26: =M1 -> 0
A27: 22 | B27: RS01026 | C27: 1 | D27: R12 | E27: 10K | F27: R1206 | G27: 0.01 | H27: AVX,YAGEO | I27: HICOTRONICS | J27: 0.1 | K27: =Table146[[#This Row],[Unit Cost]]*Table146[[#This Row],[Quantity]] -> 0.1 | L27: 0 | M27: =Table146[[#This Row],[Quantity]]*Z27-Table146[[#This Row],[STOCK]] -> 0 | N27: =IF(Table146[[#This Row],[Interim Value2]]<0,0,Table146[[#This Row],[Interim Value2]]) -> 0 | O27: =Table146[[#This Row],[STOCK]]*Table146[[#This Row],[Unit Cost]] -> 0 | P27: HICOTRONICS | Q27: 60 DAYS CREDIT | Z27: =M1 -> 0
A28: 23 | B28: RS01190 | C28: 1 | D28: R5 | E28: 150K | F28: R1206 | G28: 0.01 | H28: AVX,YAGEO | I28: HICOTRONICS | J28: 0.1 | K28: =Table146[[#This Row],[Unit Cost]]*Table146[[#This Row],[Quantity]] -> 0.1 | L28: 0 | M28: =Table146[[#This Row],[Quantity]]*Z28-Table146[[#This Row],[STOCK]] -> 0 | N28: =IF(Table146[[#This Row],[Interim Value2]]<0,0,Table146[[#This Row],[Interim Value2]]) -> 0 | O28: =Table146[[#This Row],[STOCK]]*Table146[[#This Row],[Unit Cost]] -> 0 | P28: HICOTRONICS | Q28: 60 DAYS CREDIT | Z28: =M1 -> 0
A29: 24 | B29: RS01026 | C29: 1 | D29: R4 | E29: 10K | F29: R1206 | G29: 0.05 | H29: AVX,YAGEO | I29: HICOTRONICS | J29: 0.08 | K29: =Table146[[#This Row],[Unit Cost]]*Table146[[#This Row],[Quantity]] -> 0.08 | L29: 0 | M29: =Table146[[#This Row],[Quantity]]*Z29-Table146[[#This Row],[STOCK]] -> 0 | N29: =IF(Table146[[#This Row],[Interim Value2]]<0,0,Table146[[#This Row],[Interim Value2]]) -> 0 | O29: =Table146[[#This Row],[STOCK]]*Table146[[#This Row],[Unit Cost]] -> 0 | P29: HICOTRONICS | Q29: 60 DAYS CREDIT | Z29: =M1 -> 0
A30: 25 | B30: RS01184 | C30: 1 | D30: R8 | E30: 1R400 | F30: R1206 | G30: 0.01 | H30: AVX,YAGEO | I30: HICOTRONICS | J30: 0.14 | K30: =Table146[[#This Row],[Unit Cost]]*Table146[[#This Row],[Quantity]] -> 0.14 | L30: 5000 | M30: =Table146[[#This Row],[Quantity]]*Z30-Table146[[#This Row],[STOCK]] -> -5000 | N30: =IF(Table146[[#This Row],[Interim Value2]]<0,0,Table146[[#This Row],[Interim Value2]]) -> 0 | O30: =Table146[[#This Row],[STOCK]]*Table146[[#This Row],[Unit Cost]] -> 700 | P30: HICOTRONICS | Q30: 60 DAYS CREDIT | Z30: =M1 -> 0
A31: 26 | B31: RS01184 | C31: 1 | D31: R9 | E31: 1R400 | F31: R1206 | G31: 0.01 | H31: AVX,YAGEO | I31: HICOTRONICS | J31: 0.14 | K31: =Table146[[#This Row],[Unit Cost]]*Table146[[#This Row],[Quantity]] -> 0.14 | L31: 0 | M31: =Table146[[#This Row],[Quantity]]*Z31-Table146[[#This Row],[STOCK]] -> 0 | N31: =IF(Table146[[#This Row],[Interim Value2]]<0,0,Table146[[#This Row],[Interim Value2]]) -> 0 | O31: =Table146[[#This Row],[STOCK]]*Table146[[#This Row],[Unit Cost]] -> 0 | P31: HICOTRONICS | Q31: 60 DAYS CREDIT | Z31: =M1 -> 0
A32: 27 | C32: 1 | D32: R10 | E32: NC | F32: R1206 | G32: 0.01 | H32: AVX,YAGEO | K32: =Table146[[#This Row],[Unit Cost]]*Table146[[#This Row],[Quantity]] -> 0 | L32: 0 | M32: =Table146[[#This Row],[Quantity]]*Z32-Table146[[#This Row],[STOCK]] -> 0 | N32: =IF(Table146[[#This Row],[Interim Value2]]<0,0,Table146[[#This Row],[Interim Value2]]) -> 0 | O32: =Table146[[#This Row],[STOCK]]*Table146[[#This Row],[Unit Cost]] -> 0 | P32: HICOTRONICS | Q32: 60 DAYS CREDIT | Z32: =M1 -> 0
A33: 28 | B33: IN08008 | C33: 1 | D33: T1 | E33: EF20 H | F33: MT-11448 | G33: 0.05 | H33: METRONICS | I33: METRONIX | J33: 16 | K33: =Table146[[#This Row],[Unit Cost]]*Table146[[#This Row],[Quantity]] -> 16 | L33: 2863 | M33: =Table146[[#This Row],[Quantity]]*Z33-Table146[[#This Row],[STOCK]] -> -2863 | N33: =IF(Table146[[#This Row],[Interim Value2]]<0,0,Table146[[#This Row],[Interim Value2]]) -> 0 | O33: =Table146[[#This Row],[STOCK]]*Table146[[#This Row],[Unit Cost]] -> 45808 | P33: METRONIX | Q33: 90 DAYS CREDIT | Z33: =M1 -> 0
A34: 29 | B34: IC15015 | C34: 1 | D34: U1 | E34: SM6300B | F34: SOP8 | H34: SEMTRONICS | I34: SEM | J34: 20 | K34: =Table146[[#This Row],[Unit Cost]]*Table146[[#This Row],[Quantity]] -> 20 | L34: 6358 | M34: =Table146[[#This Row],[Quantity]]*Z34-Table146[[#This Row],[STOCK]] -> -6358 | N34: =IF(Table146[[#This Row],[Interim Value2]]<0,0,Table146[[#This Row],[Interim Value2]]) -> 0 | O34: =Table146[[#This Row],[STOCK]]*Table146[[#This Row],[Unit Cost]] -> 127160 | P34: SEM | Q34: IMMEDIATE | Z34: =M1 -> 0
A35: 30 | B35: PCB09075 | C35: 1 | E35: VER DL ES 02 | F35: 34mm*82mm | I35: UNIVERSAL CIRCUTS | J35: 8.4 | K35: =Table146[[#This Row],[Unit Cost]]*Table146[[#This Row],[Quantity]] -> 8.4 | L35: 0 | M35: =Table146[[#This Row],[Quantity]]*Z35-Table146[[#This Row],[STOCK]] -> 0 | N35: =IF(Table146[[#This Row],[Interim Value2]]<0,0,Table146[[#This Row],[Interim Value2]]) -> 0 | O35: =Table146[[#This Row],[STOCK]]*Table146[[#This Row],[Unit Cost]] -> 0 | P35: UNIVERSAL / IEQS | Q35: 60 DAYS CREDIT | Z35: =M1 -> 0
A36: 31 | B36: HS03003 | C36: 1 | D36: HS1 | E36: HS1 | I36: L S I COMPONENTS | J36: 2.75 | K36: =Table146[[#This Row],[Unit Cost]]*Table146[[#This Row],[Quantity]] -> 2.75 | L36: 0 | M36: =Table146[[#This Row],[Quantity]]*Z36-Table146[[#This Row],[STOCK]] -> 0 | N36: =IF(Table146[[#This Row],[Interim Value2]]<0,0,Table146[[#This Row],[Interim Value2]]) -> 0 | O36: =Table146[[#This Row],[STOCK]]*Table146[[#This Row],[Unit Cost]] -> 0 | P36: LSI | Q36: 60 DAYS CREDIT | Z36: =M1 -> 0
A37: 33 | B37: EQ10045 | C37: 1 | E37: PH screw M3x8mm | F37: metal | J37: 1 | K37: =Table146[[#This Row],[Unit Cost]]*Table146[[#This Row],[Quantity]] -> 1 | L37: 0 | M37: =Table146[[#This Row],[Quantity]]*Z37-Table146[[#This Row],[STOCK]] -> 0 | N37: =IF(Table146[[#This Row],[Interim Value2]]<0,0,Table146[[#This Row],[Interim Value2]]) -> 0 | O37: =Table146[[#This Row],[STOCK]]*Table146[[#This Row],[Unit Cost]] -> 0 | P37: DURGA TRADING | Q37: IMMEDIATE | Z37: =M1 -> 0
A38: 34 | B38: ES07043 | C38: 1 | E38: PLASTIC BOX BIG SIZE | F38: BOX 110mmx42mmx27mm | I38: VANSH ELECTRO MACHINACAL | J38: 9 | K38: =Table146[[#This Row],[Unit Cost]]*Table146[[#This Row],[Quantity]] -> 9 | L38: 500 | M38: =Table146[[#This Row],[Quantity]]*Z38-Table146[[#This Row],[STOCK]] -> -500 | N38: =IF(Table146[[#This Row],[Interim Value2]]<0,0,Table146[[#This Row],[Interim Value2]]) -> 0 | O38: =Table146[[#This Row],[STOCK]]*Table146[[#This Row],[Unit Cost]] -> 4500 | P38: VANSH ELECTRO | Q38: 15 DAYS PDC | Z38: =M1 -> 0
A39: 35 | B39: WR12004 | C39: 3 | E39: 3 INCH PVC WIRE RED | F39: PVC | I39: MAHAVEER | J39: 0.5 | K39: =Table146[[#This Row],[Unit Cost]]*Table146[[#This Row],[Quantity]] -> 1.5 | L39: 0 | M39: =Table146[[#This Row],[Quantity]]*Z39-Table146[[#This Row],[STOCK]] -> 0 | N39: =IF(Table146[[#This Row],[Interim Value2]]<0,0,Table146[[#This Row],[Interim Value2]]) -> 0 | O39: =Table146[[#This Row],[STOCK]]*Table146[[#This Row],[Unit Cost]] -> 0 | P39: LOCAL | Q39: 30 DAYS PDC | Z39: =M1 -> 0
A40: 36 | B40: WR12005 | C40: 1 | E40: 3 INCH PVC WIRE BLACK | F40: PVC | I40: MAHAVEER | J40: 0.5 | K40: =Table146[[#This Row],[Unit Cost]]*Table146[[#This Row],[Quantity]] -> 0.5 | L40: 0 | M40: =Table146[[#This Row],[Quantity]]*Z40-Table146[[#This Row],[STOCK]] -> 0 | N40: =IF(Table146[[#This Row],[Interim Value2]]<0,0,Table146[[#This Row],[Interim Value2]]) -> 0 | O40: =Table146[[#This Row],[STOCK]]*Table146[[#This Row],[Unit Cost]] -> 0 | P40: LOCAL | Q40: 30 DAYS PDC | Z40: =M1 -> 0
A41: 37 | B41: EQ10070 | C41: 1 | E41: LABLE STICKER | J41: 1.25 | K41: =Table146[[#This Row],[Unit Cost]]*Table146[[#This Row],[Quantity]] -> 1.25 | L41: 0 | M41: =Table146[[#This Row],[Quantity]]*Z41-Table146[[#This Row],[STOCK]] -> 0 | N41: =IF(Table146[[#This Row],[Interim Value2]]<0,0,Table146[[#This Row],[Interim Value2]]) -> 0 | O41: =Table146[[#This Row],[STOCK]]*Table146[[#This Row],[Unit Cost]] -> 0 | Q41: IMMEDIATE | Z41: =M1 -> 0
A42: 38 | B42: EQ10069 | C42: 1 | E42: BAR CODE STICKER | J42: 0.3 | K42: =Table146[[#This Row],[Unit Cost]]*Table146[[#This Row],[Quantity]] -> 0.3 | L42: 0 | M42: =Table146[[#This Row],[Quantity]]*Z42-Table146[[#This Row],[STOCK]] -> 0 | N42: =IF(Table146[[#This Row],[Interim Value2]]<0,0,Table146[[#This Row],[Interim Value2]]) -> 0 | O42: =Table146[[#This Row],[STOCK]]*Table146[[#This Row],[Unit Cost]] -> 0 | Q42: IMMEDIATE | Z42: =M1 -> 0
A43: 39 | C43: 1 | E43: EMS COST | I43: EAST INDIA | J43: 12 | K43: =Table146[[#This Row],[Unit Cost]]*Table146[[#This Row],[Quantity]] -> 12 | M43: =Table146[[#This Row],[Quantity]]*Z43-Table146[[#This Row],[STOCK]] -> 0 | N43: =IF(Table146[[#This Row],[Interim Value2]]<0,0,Table146[[#This Row],[Interim Value2]]) -> 0 | O43: =Table146[[#This Row],[STOCK]]*Table146[[#This Row],[Unit Cost]] -> 0 | Q43: 60 DAYS CREDIT | Z43: =M1 -> 0
A44: Total Electronics Cost | K44: =SUBTOTAL(109,Table146[Total]) -> 124.33 | O44: =SUM(Table146[PRICE]) -> 336918.25
B48: T/T | C48: =K42+K41+K37+K34 -> 22.55 | E48: T/T | F48: =N42+N41+N37+N34 -> 0 | G48: T/T | H48: =P42+P41+P37+P34 -> #VALUE! | I48: T/T | J48: =O42+O41+O37+O34 -> 127160
B49: 7 Days | C49: 0 | E49: 7 Days | F49: 0 | G49: 7 Days | H49: 0 | I49: 7 Days | J49: 0
B50: 15 Days | C50: =K38 -> 9 | E50: 15 Days | F50: =N38 -> 0 | G50: 15 Days | H50: =P38 -> VANSH ELECTRO | I50: 15 Days | J50: =O38 -> 4500
B51: 30 Days | C51: =K40+K39+K12+K11+K9 -> 6.32 | E51: 30 Days | F51: =N40+N39+N12+N11+N9 -> 0 | G51: 30 Days | H51: =P40+P39+P12+P11+P9 -> #VALUE! | I51: 30 Days | J51: =O40+O39+O12+O11+O9 -> 17400.25
